username,name,followers,followers_num,location,price,rating,package_offer,instagram_url,collabstr_url,profile_image
bossbabykiki,Irene Cazares,23.3k,23300,"Seattle, WA, US",$600,5.0,1 Instagram Photo Feed Post,https://www.instagram.com/bossbabykiki,https://collabstr.com/bossbabykiki?p=instagram,https://d5ik1gor6xydq.cloudfront.net/sellers/35022/1653059730723687.webp
connectwithhayley,Hayley,20.2k,20200,"Raleigh, NC, US",$150,,1 Instagram Story,https://www.instagram.com/connectwithhayley,https://collabstr.com/connectwithhayley?p=instagram,https://d5ik1gor6xydq.cloudfront.net/sellers/224762/17285037297753735.webp
alexisamomdotcom,Alexandra Dastrup,21.1k,21100,"Phoenix, AZ, US",$500,5.0,1 Instagram Photo Feed Post,https://www.instagram.com/alexisamomdotcom,https://collabstr.com/alexisamomdotcom?p=instagram,https://d5ik1gor6xydq.cloudfront.net/sellers/34600/1691616668613794.webp
capitaodiana,Diana Capitao,20.3k,20300,"Beverly, MA, US",$100,5.0,1 Instagram Story,https://www.instagram.com/capitaodiana,https://collabstr.com/capitaodiana?p=instagram,https://d5ik1gor6xydq.cloudfront.net/sellers/782298/1769426089113581.webp
chrissyjeub,Chrissy Jeub,23.3k,23300,"Knoxville, TN, US",$300,5.0,2 Instagram Photo Feed Posts,https://www.instagram.com/chrissyjeub,https://collabstr.com/chrissyjeub?p=instagram,https://d5ik1gor6xydq.cloudfront.net/sellers/92675/17781781250893703.webp
deboradutra,Debora Dutra,17.4k,17400,"New York, NY, US",$100,5.0,1 Instagram Story,https://www.instagram.com/deboradutra,https://collabstr.com/deboradutra?p=instagram,https://d5ik1gor6xydq.cloudfront.net/sellers/334975/17448633536817434.webp
zabellaskyeperez,Zabella Skye Perez,14.0k,14000,"Ocala, FL, US",$150,5.0,1 Instagram Story,https://www.instagram.com/zabellaskyeperez,https://collabstr.com/zabellaskyeperez?p=instagram,https://d5ik1gor6xydq.cloudfront.net/sellers/131724/1707341130246581.webp
jasentabuell,Jasenta Buell,18.0k,18000,"Tampa, FL, US",$100,,1 Instagram Photo Feed Post,https://www.instagram.com/jasentabuell,https://collabstr.com/jasentabuell?p=instagram,https://d5ik1gor6xydq.cloudfront.net/sellers/505557/17864544399105988.webp
amydmomauthor,Amy Doslich,10.6k,10600,"Grapevine, TX, US",$75,4.9,1 Instagram Story,https://www.instagram.com/amydmomauthor,https://collabstr.com/amydmomauthor?p=instagram,https://d5ik1gor6xydq.cloudfront.net/sellers/148268/171228590243763.webp
aryakiddingme,Arya Larson,11.7k,11700,"Salt Lake City, UT, US",$50,5.0,1 Instagram Story,https://www.instagram.com/aryakiddingme,https://collabstr.com/aryakiddingme?p=instagram,https://d5ik1gor6xydq.cloudfront.net/sellers/244588/1779240961018008.webp
pennsylvaniakid,Jackie Fleury,30.0k,30000,"Philadelphia, PA, US",$75,5.0,1 Instagram Story,https://www.instagram.com/pennsylvaniakid,https://collabstr.com/pennsylvaniakid?p=instagram,https://d5ik1gor6xydq.cloudfront.net/sellers/184925/17208749225304193.webp
exploreonthespectrum,Exploreonthespectrum,17.2k,17200,"Tampa, FL, US",$50,,1 Instagram Story,https://www.instagram.com/exploreonthespectrum,https://collabstr.com/exploreonthespectrum?p=instagram,https://d5ik1gor6xydq.cloudfront.net/sellers/398068/1750330256100968.webp
familyfunincali,Nicole Monteleone,16.3k,16300,"Oak Hills, CA, US",$50,,1 Instagram Story,https://www.instagram.com/familyfunincali,https://collabstr.com/familyfunincali?p=instagram,https://d5ik1gor6xydq.cloudfront.net/None
jillianmothers,Jillian Sigurdson,27.6k,27600,,$400,,1 Instagram Photo Feed Post,https://www.instagram.com/jillianmothers,https://collabstr.com/jillianmothers?p=instagram,https://d5ik1gor6xydq.cloudfront.net/sellers/416597/1751855315163652.webp
kaaayvi,Kaaayvi,30.0k,30000,"San Diego, CA, US",$100,5.0,,https://www.instagram.com/kaaayvi,https://collabstr.com/kaaayvi?p=instagram,https://d5ik1gor6xydq.cloudfront.net/sellers/170977/17788845458961666.webp
prenataltocradle-sleep,Sarah Baraldi,45.3k,45300,"Woodbury, NJ, US",$175,4.8,,https://www.instagram.com/prenataltocradle-sleep,https://collabstr.com/prenataltocradle-sleep?p=instagram,https://d5ik1gor6xydq.cloudfront.net/sellers/230092/17295154757559402.webp
kalynndaviss,Kalynn,24.2k,24200,"Saint Louis, MO, US",$750,5.0,1 Instagram Photo Feed Post,https://www.instagram.com/kalynndaviss,https://collabstr.com/kalynndaviss?p=instagram,https://d5ik1gor6xydq.cloudfront.net/sellers/217448/17272372349425085.webp
chrisnadams,Chris Adams,42.1k,42100,"Westfield, IN, US",$100,5.0,,https://www.instagram.com/chrisnadams,https://collabstr.com/chrisnadams?p=instagram,https://d5ik1gor6xydq.cloudfront.net/sellers/160311/17154464067147422.webp
laurensamuels,Lauren Samuels,41.9k,41900,"Phoenix, AZ, US",$150,,1 Instagram Story,https://www.instagram.com/laurensamuels,https://collabstr.com/laurensamuels?p=instagram,https://d5ik1gor6xydq.cloudfront.net/sellers/92863/17541904506863194.webp
kieranandmama,Kaci Costello,17.7k,17700,"Hopewell Junction, NY, US",$50,,1 Instagram Story,https://www.instagram.com/kieranandmama,https://collabstr.com/kieranandmama?p=instagram,https://d5ik1gor6xydq.cloudfront.net/sellers/465236/17553888854428809.webp
bohdanafuriaka,Bohdana Furiaka,10.6k,10600,"Renton, WA, US",$75,,,https://www.instagram.com/bohdanafuriaka,https://collabstr.com/bohdanafuriaka?p=instagram,https://d5ik1gor6xydq.cloudfront.net/sellers/913240/17720748733510919.webp
happiestohana,Jasmine Nip,48.3k,48300,"Honolulu, HI, US",$450,,1 Instagram Photo Feed Post,https://www.instagram.com/happiestohana,https://collabstr.com/happiestohana?p=instagram,https://d5ik1gor6xydq.cloudfront.net/sellers/10739/16276326669536295.webp
milkbliss,Jessica Ciraulo,27.1k,27100,"Cranford, NJ, US",$275,5.0,1 Instagram Reel,https://www.instagram.com/milkbliss,https://collabstr.com/milkbliss?p=instagram,https://d5ik1gor6xydq.cloudfront.net/sellers/34094/1672783807364438.webp
marandterry,Mar Knight,10.4k,10400,"Sunny Isles, FL, US",$50,5.0,,https://www.instagram.com/marandterry,https://collabstr.com/marandterry?p=instagram,https://d5ik1gor6xydq.cloudfront.net/sellers/279683/17824500594596908.webp
jamieleephotography,Jamie Fischer,30.0k,30000,"Saint Louis, MO, US",$275,5.0,1 Instagram Story,https://www.instagram.com/jamieleephotography,https://collabstr.com/jamieleephotography?p=instagram,https://d5ik1gor6xydq.cloudfront.net/sellers/792038/17695584639453866.webp
stefhubble,Stef Hubble,26.6k,26600,"Denver, CO, US",$250,,,https://www.instagram.com/stefhubble,https://collabstr.com/stefhubble?p=instagram,https://d5ik1gor6xydq.cloudfront.net/sellers/1250711/1779209273666841.webp
navyasdiaries,Navya Jagarlamudi,11.8k,11800,"San Diego, CA, US",$50,5.0,1 Instagram Story,https://www.instagram.com/navyasdiaries,https://collabstr.com/navyasdiaries?p=instagram,https://d5ik1gor6xydq.cloudfront.net/sellers/345579/1745865314523824.webp
raisingthepays,Jamie Prazak,23.9k,23900,"Port Saint Lucie, FL, US",$50,5.0,1 Instagram Story,https://www.instagram.com/raisingthepays,https://collabstr.com/raisingthepays?p=instagram,https://d5ik1gor6xydq.cloudfront.net/sellers/1327574/17809200702464552.webp
kellytotoraitis,Kelly Totoraitis,42.3k,42300,"Plainfield, IL, US",$50,5.0,1 Instagram Story,https://www.instagram.com/kellytotoraitis,https://collabstr.com/kellytotoraitis?p=instagram,https://d5ik1gor6xydq.cloudfront.net/sellers/1084362/17753149532899425.webp
helloitsmaurissa,Maurissa Ashby,12.9k,12900,"Salt Lake City, UT, US",$450,5.0,1 Instagram Photo Feed Post,https://www.instagram.com/helloitsmaurissa,https://collabstr.com/helloitsmaurissa?p=instagram,https://d5ik1gor6xydq.cloudfront.net/sellers/4577/16633674843135633.webp
stephaniesanza,Stephanie,19.8k,19800,"Torrance, CA, US",$50,,1 Instagram Story,https://www.instagram.com/stephaniesanza,https://collabstr.com/stephaniesanza?p=instagram,https://d5ik1gor6xydq.cloudfront.net/sellers/364957/17475202801367006.webp
raicreates4u,Raiza,26.9k,26900,"Las Vegas, NV, US",$75,5.0,1 Instagram Photo Feed Post,https://www.instagram.com/raicreates4u,https://collabstr.com/raicreates4u?p=instagram,https://d5ik1gor6xydq.cloudfront.net/sellers/623918/1764036302964928.webp
skylersaige,Kia Scott,16.2k,16200,"Charlotte, NC, US",$75,5.0,1 Instagram Photo Feed Post,https://www.instagram.com/skylersaige,https://collabstr.com/skylersaige?p=instagram,https://d5ik1gor6xydq.cloudfront.net/sellers/37895/17146149007882771.webp
monosviajeros,Ana Ruiz,10.2k,10200,"Reno, NV, US",$100,5.0,,https://www.instagram.com/monosviajeros,https://collabstr.com/monosviajeros?p=instagram,https://d5ik1gor6xydq.cloudfront.net/sellers/92557/16895614443366416.webp
mrsbench,Faith Bench,31.2k,31200,"Bradenton, FL, US",$50,5.0,1 Instagram Story,https://www.instagram.com/mrsbench,https://collabstr.com/mrsbench?p=instagram,https://d5ik1gor6xydq.cloudfront.net/sellers/971425/17732819186271038.webp
tamekasimmons,Tameka Simmons,27.7k,27700,"Greenville, SC, US",$50,,1 Instagram Story,https://www.instagram.com/tamekasimmons,https://collabstr.com/tamekasimmons?p=instagram,https://d5ik1gor6xydq.cloudfront.net/sellers/666724/17690331966519713.webp
kristenkavan,Kristen Kavan,13.0k,13000,"Denver, CO, US",$150,5.0,,https://www.instagram.com/kristenkavan,https://collabstr.com/kristenkavan?p=instagram,https://d5ik1gor6xydq.cloudfront.net/sellers/1356042/17816123151242187.webp
monicaconsolmagno,Monica Consolmagno,10.1k,10100,"San Diego, CA, US",$50,,,https://www.instagram.com/monicaconsolmagno,https://collabstr.com/monicaconsolmagno?p=instagram,https://d5ik1gor6xydq.cloudfront.net/sellers/611112/1763412543356097.webp
theguillorys,Brittany & Marcus Guillory,17.3k,17300,"Little Elm, TX, US",$50,,1 Instagram Story,https://www.instagram.com/theguillorys,https://collabstr.com/theguillorys?p=instagram,https://d5ik1gor6xydq.cloudfront.net/sellers/1181470/1777470440982168.webp
jennifer-58918,Jennifer Pilgrim,17.3k,17300,"Plano, TX, US",$150,,1 Instagram Story,https://www.instagram.com/jennifer-58918,https://collabstr.com/jennifer-58918?p=instagram,https://d5ik1gor6xydq.cloudfront.net/sellers/1641842/17882961911166372.webp
amandaarrows,Amanda Foust,47.8k,47800,"Odessa, FL, US",$145,5.0,1 Instagram Photo Feed Post,https://www.instagram.com/amandaarrows,https://collabstr.com/amandaarrows?p=instagram,https://d5ik1gor6xydq.cloudfront.net/sellers/456047/17737497769598405.webp
weraisingstars,Rephil Studios,41.8k,41800,"Buford, GA, US",$50,,1 Instagram Story,https://www.instagram.com/weraisingstars,https://collabstr.com/weraisingstars?p=instagram,https://d5ik1gor6xydq.cloudfront.net/sellers/667304/1766116349605193.webp
jaxdisney,Alexandra Molieri,18.1k,18100,"Twentynine Palms, CA, US",$150,4.9,1 Instagram Story,https://www.instagram.com/jaxdisney,https://collabstr.com/jaxdisney?p=instagram,https://d5ik1gor6xydq.cloudfront.net/sellers/980584/1776704728822011.webp
mamaeryn,Eryn Najera,15.7k,15700,"Pomona, CA, US",$50,,1 Instagram Story,https://www.instagram.com/mamaeryn,https://collabstr.com/mamaeryn?p=instagram,https://d5ik1gor6xydq.cloudfront.net/sellers/529588/17590073442618928.webp
markiewmurphy,Markie Murphy,10.5k,10500,"Mesa, AZ, US",$150,,,https://www.instagram.com/markiewmurphy,https://collabstr.com/markiewmurphy?p=instagram,https://d5ik1gor6xydq.cloudfront.net/sellers/1236304/17788203861498942.webp
lauraraffin,Laura Raffin,10.2k,10200,"Buffalo Grove, IL, US",$200,5.0,1 Instagram Reel (60 Seconds),https://www.instagram.com/lauraraffin,https://collabstr.com/lauraraffin?p=instagram,https://d5ik1gor6xydq.cloudfront.net/sellers/130773/1707084219845473.webp
onekingsquad,Shavonne King,24.8k,24800,"San Antonio, TX, US",$100,,1 Instagram Photo Feed Post,https://www.instagram.com/onekingsquad,https://collabstr.com/onekingsquad?p=instagram,https://d5ik1gor6xydq.cloudfront.net/sellers/189007/17217639102289987.webp
acostafamily,Acosta Family,27.2k,27200,"Katy, TX, US",$60,,1 Instagram Photo Feed Post,https://www.instagram.com/acostafamily,https://collabstr.com/acostafamily?p=instagram,https://d5ik1gor6xydq.cloudfront.net/sellers/1381014/17822378270669603.webp
meryampopal,Meryam Popal,10.5k,10500,"San Diego, CA, US",$50,,1 Instagram Story,https://www.instagram.com/meryampopal,https://collabstr.com/meryampopal?p=instagram,https://d5ik1gor6xydq.cloudfront.net/sellers/928878/17723913521315343.webp
dutcherstefanie,Stefanie Dutcher,16.2k,16200,"Sussex, NJ, US",$150,,,https://www.instagram.com/dutcherstefanie,https://collabstr.com/dutcherstefanie?p=instagram,https://d5ik1gor6xydq.cloudfront.net/sellers/912783/17720618500957563.webp
yourfavoritenikki,Nikki Baker,43.1k,43100,"Maple Grove, MN, US",$500,,1 Instagram Story,https://www.instagram.com/yourfavoritenikki,https://collabstr.com/yourfavoritenikki?p=instagram,https://d5ik1gor6xydq.cloudfront.net/sellers/1121824/17792457431332593.webp
ashleyhuguez,Ashley Huguez,32.6k,32600,"Laguna Niguel, CA, US",$500,,1 Instagram Story,https://www.instagram.com/ashleyhuguez,https://collabstr.com/ashleyhuguez?p=instagram,https://d5ik1gor6xydq.cloudfront.net/sellers/131462/17072679566039085.webp
milaneyakarcha,Milaneya Karcha,18.4k,18400,"Brush Prairie, WA, US",$200,,1 Instagram Reel (30 Seconds),https://www.instagram.com/milaneyakarcha,https://collabstr.com/milaneyakarcha?p=instagram,https://d5ik1gor6xydq.cloudfront.net/sellers/309126/17416671993573148.webp
bohartley,Bo Hartley Warren,12.6k,12600,"Tuscaloosa, AL, US",$150,,,https://www.instagram.com/bohartley,https://collabstr.com/bohartley?p=instagram,https://d5ik1gor6xydq.cloudfront.net/sellers/142031/1710560117338373.webp
maddielee,Madisen Lee,39.1k,39100,"Wichita, KS, US",$500,,1 Instagram Story,https://www.instagram.com/maddielee,https://collabstr.com/maddielee?p=instagram,https://d5ik1gor6xydq.cloudfront.net/sellers/243089/1731530548814341.webp
kinseyamezcua,Kinsey,19.2k,19200,"Idaho Falls, ID, US",$50,,1 Instagram Story,https://www.instagram.com/kinseyamezcua,https://collabstr.com/kinseyamezcua?p=instagram,https://d5ik1gor6xydq.cloudfront.net/sellers/1017645/17814767147222695.webp
stormwfhmom,Alee Storm,23.1k,23100,"Austin, TX, US",$200,4.9,1 Instagram Story,https://www.instagram.com/stormwfhmom,https://collabstr.com/stormwfhmom?p=instagram,https://d5ik1gor6xydq.cloudfront.net/sellers/214031/1771619147854495.webp
kroberson16,Karsen Roberson,28.4k,28400,"Greenfield, TN, US",$50,5.0,1 Instagram Story,https://www.instagram.com/kroberson16,https://collabstr.com/kroberson16?p=instagram,https://d5ik1gor6xydq.cloudfront.net/sellers/709833/17821913209984689.webp
valeriavelmich,Valeria Velazquez-Michel,11.6k,11600,"Dallas, TX, US",$50,,1 Instagram Story,https://www.instagram.com/valeriavelmich,https://collabstr.com/valeriavelmich?p=instagram,https://d5ik1gor6xydq.cloudfront.net/sellers/1437197/17835480842384446.webp
amartinez20,Agustin Martinez,43.4k,43400,"Gadsden, AL, US",$150,5.0,1 Instagram Photo Feed Post,https://www.instagram.com/amartinez20,https://collabstr.com/amartinez20?p=instagram,https://d5ik1gor6xydq.cloudfront.net/sellers/1354526/1781577015083992.webp
documentourdays,Kourtnie Scholz,10.7k,10700,"Dallas, TX, US",$100,,,https://www.instagram.com/documentourdays,https://collabstr.com/documentourdays?p=instagram,https://d5ik1gor6xydq.cloudfront.net/sellers/67823/16753986886544774.webp
yuliiakrvtsova,Yuliia Kravtsova,32.9k,32900,"Seattle, WA, US",$50,,,https://www.instagram.com/yuliiakrvtsova,https://collabstr.com/yuliiakrvtsova?p=instagram,https://d5ik1gor6xydq.cloudfront.net/None
megmclachlan,Meg Mclachlan,18.5k,18500,"Salt Lake City, UT, US",$50,,1 Instagram Story,https://www.instagram.com/megmclachlan,https://collabstr.com/megmclachlan?p=instagram,https://d5ik1gor6xydq.cloudfront.net/sellers/838502/17705136064804058.webp
indigoabell,Indigo Abell,13.3k,13300,"Covington, KY, US",$50,,1 Instagram Story,https://www.instagram.com/indigoabell,https://collabstr.com/indigoabell?p=instagram,https://d5ik1gor6xydq.cloudfront.net/sellers/1183241/17775505259277823.webp
marianakonoshenko,Mariana,36.6k,36600,"Eagan, MN, US",$50,5.0,,https://www.instagram.com/marianakonoshenko,https://collabstr.com/marianakonoshenko?p=instagram,https://d5ik1gor6xydq.cloudfront.net/sellers/1205061/17780102828699179.webp
ashdrum,Ashley Drum,23.9k,23900,"Birmingham, AL, US",$60,,1 Instagram Story,https://www.instagram.com/ashdrum,https://collabstr.com/ashdrum?p=instagram,https://d5ik1gor6xydq.cloudfront.net/sellers/901554/17718576999422698.webp
amyjackson9213,Amy Jackson,38.4k,38400,"Bellaire, OH, US",$500,,1 Instagram Reel,https://www.instagram.com/amyjackson9213,https://collabstr.com/amyjackson9213?p=instagram,https://d5ik1gor6xydq.cloudfront.net/sellers/1333011/17810506522986217.webp
olhazalizna,Olha Zalizna,23.9k,23900,"Renton, WA, US",$50,,,https://www.instagram.com/olhazalizna,https://collabstr.com/olhazalizna?p=instagram,https://d5ik1gor6xydq.cloudfront.net/sellers/590615/1762323470992995.webp
cindywolff,Cynthia Torres,16.0k,16000,"Azusa, CA, US",$50,5.0,1 Instagram Story,https://www.instagram.com/cindywolff,https://collabstr.com/cindywolff?p=instagram,https://d5ik1gor6xydq.cloudfront.net/sellers/625975/17641459016901004.webp
shawnaaaaa,Shawna Carruba,10.8k,10800,"Evans City, PA, US",$100,,1 Instagram Story,https://www.instagram.com/shawnaaaaa,https://collabstr.com/shawnaaaaa?p=instagram,https://d5ik1gor6xydq.cloudfront.net/sellers/88945/16878413633215563.webp
ugcmamacontent,Deepika Singh,10.3k,10300,"Fresno, CA, US",$120,,1 Instagram Photo Feed Post,https://www.instagram.com/ugcmamacontent,https://collabstr.com/ugcmamacontent?p=instagram,https://d5ik1gor6xydq.cloudfront.net/sellers/1457653/1784136658534122.webp
georgieanderson,Georgie Anderson,12.5k,12500,"Apple Valley, MN, US",$50,,1 Instagram Story,https://www.instagram.com/georgieanderson,https://collabstr.com/georgieanderson?p=instagram,https://d5ik1gor6xydq.cloudfront.net/sellers/1309406/17805255013942661.webp
gabiestevaam,Gabriela Estevam,13.9k,13900,"Port Orange, FL, US",$50,,1 Instagram Story,https://www.instagram.com/gabiestevaam,https://collabstr.com/gabiestevaam?p=instagram,https://d5ik1gor6xydq.cloudfront.net/sellers/250879/17326679879086907.webp
cassiewestlund,Cassie Westlund,23.0k,23000,"Sarasota, FL, US",$120,,5 Instagram Photo Feed Posts,https://www.instagram.com/cassiewestlund,https://collabstr.com/cassiewestlund?p=instagram,https://d5ik1gor6xydq.cloudfront.net/sellers/1336352/17811256086061738.webp
lexienoelleundem,Lexie Undem,46.8k,46800,"Dickinson, ND, US",$500,,1 Instagram Story,https://www.instagram.com/lexienoelleundem,https://collabstr.com/lexienoelleundem?p=instagram,https://d5ik1gor6xydq.cloudfront.net/sellers/143455/17109713301623383.webp
thepraganos,Kayleen Pragano,10.9k,10900,"Austin, TX, US",$150,,,https://www.instagram.com/thepraganos,https://collabstr.com/thepraganos?p=instagram,https://d5ik1gor6xydq.cloudfront.net/sellers/193149/17226354935469222.webp
amberroseluv21,Amber Sanders,15.6k,15600,"Grand Junction, CO, US",$50,,,https://www.instagram.com/amberroseluv21,https://collabstr.com/amberroseluv21?p=instagram,https://d5ik1gor6xydq.cloudfront.net/sellers/412273/17514806666314478.webp
mrsjordonbailey,Jordon Bailey,38.3k,38300,"Durant, OK, US",$100,,1 Instagram Story,https://www.instagram.com/mrsjordonbailey,https://collabstr.com/mrsjordonbailey?p=instagram,https://d5ik1gor6xydq.cloudfront.net/sellers/341024/17454621488648605.webp
kristenasamom,Kristen Williams,25.9k,25900,"Tulsa, OK, US",$50,5.0,,https://www.instagram.com/kristenasamom,https://collabstr.com/kristenasamom?p=instagram,https://d5ik1gor6xydq.cloudfront.net/sellers/1301569/17804092085018718.webp
zeldahair,Zelda Volkov,27.1k,27100,"Garnerville, NY, US",$125,,1 Instagram Photo Feed Post,https://www.instagram.com/zeldahair,https://collabstr.com/zeldahair?p=instagram,https://d5ik1gor6xydq.cloudfront.net/sellers/1150846/17767281624047723.webp
iamkadero,Kadero Watson,15.3k,15300,"Tulsa, OK, US",$125,5.0,1 Instagram Story,https://www.instagram.com/iamkadero,https://collabstr.com/iamkadero?p=instagram,https://d5ik1gor6xydq.cloudfront.net/sellers/534270/1763062868383817.webp
deamommi,Dea,26.4k,26400,"Wilmington, DE, US",$150,4.4,,https://www.instagram.com/deamommi,https://collabstr.com/deamommi?p=instagram,https://d5ik1gor6xydq.cloudfront.net/sellers/189230/17501479624475126.webp
alexrianmundy,Alex Mundy,20.5k,20500,"Rochester, MN, US",$150,5.0,10 Instagram Photo Feed Posts,https://www.instagram.com/alexrianmundy,https://collabstr.com/alexrianmundy?p=instagram,https://d5ik1gor6xydq.cloudfront.net/sellers/797639/17696607221230388.webp
megan-winokur,Megan Winokur,23.8k,23800,"Middletown, DE, US",$300,5.0,,https://www.instagram.com/megan-winokur,https://collabstr.com/megan-winokur?p=instagram,https://d5ik1gor6xydq.cloudfront.net/sellers/2915/16276313681025488.webp
taylorkincade,Taylor Kincade,37.6k,37600,"Cincinnati, OH, US",$50,,1 Instagram Story,https://www.instagram.com/taylorkincade,https://collabstr.com/taylorkincade?p=instagram,https://d5ik1gor6xydq.cloudfront.net/sellers/1028164/17827293715686805.webp
carihall,Cari Hall,18.7k,18700,"Atlanta, GA, US",$200,,,https://www.instagram.com/carihall,https://collabstr.com/carihall?p=instagram,https://d5ik1gor6xydq.cloudfront.net/sellers/457759/17547763445705726.webp
tailynnvictoria,Tailynn Brost,30.5k,30500,"Boise, ID, US",$150,,,https://www.instagram.com/tailynnvictoria,https://collabstr.com/tailynnvictoria?p=instagram,https://d5ik1gor6xydq.cloudfront.net/sellers/102330/17690132262142.webp
jessmakesmagic,Jessica Liebman,37.0k,37000,"Austin, TX, US",$150,5.0,1 Instagram Story,https://www.instagram.com/jessmakesmagic,https://collabstr.com/jessmakesmagic?p=instagram,https://d5ik1gor6xydq.cloudfront.net/sellers/22637/1627628163335533.webp
theyahwehfamily,The Yahweh Family,25.3k,25300,"Orlando, FL, US",$250,,1 Instagram Story,https://www.instagram.com/theyahwehfamily,https://collabstr.com/theyahwehfamily?p=instagram,https://d5ik1gor6xydq.cloudfront.net/sellers/1418898/1783277646914039.webp
nastarsha,Nastarsha Brown,25.1k,25100,"Temecula, CA, US",$50,,1 Instagram Story,https://www.instagram.com/nastarsha,https://collabstr.com/nastarsha?p=instagram,https://d5ik1gor6xydq.cloudfront.net/sellers/830987/17703451371069243.webp
welcometothewoerners,Gabrielle Woerner,29.5k,29500,"Orange Beach, AL, US",$50,5.0,1 Instagram Story,https://www.instagram.com/welcometothewoerners,https://collabstr.com/welcometothewoerners?p=instagram,https://d5ik1gor6xydq.cloudfront.net/sellers/310104/1779217033925095.webp
mckennafusselman,Mckenna Fusselman,25.4k,25400,"Meridian, ID, US",$50,,1 Instagram Photo Feed Post,https://www.instagram.com/mckennafusselman,https://collabstr.com/mckennafusselman?p=instagram,https://d5ik1gor6xydq.cloudfront.net/sellers/1235195/17787806039681106.webp
rosaliah,Rosaliah,18.5k,18500,"Salt Lake City, UT, US",$100,,1 Instagram Reel (30 Seconds),https://www.instagram.com/rosaliah,https://collabstr.com/rosaliah?p=instagram,https://d5ik1gor6xydq.cloudfront.net/sellers/383045/17490629096058385.webp
thepatelslifeblog,Bhavisha Patel,20.8k,20800,"Edison, NJ, US",$150,,,https://www.instagram.com/thepatelslifeblog,https://collabstr.com/thepatelslifeblog?p=instagram,https://d5ik1gor6xydq.cloudfront.net/sellers/801801/17697486382091856.webp
lanafloridiana,Lana Gulyayev,14.0k,14000,"Cape Coral, FL, US",$100,4.8,,https://www.instagram.com/lanafloridiana,https://collabstr.com/lanafloridiana?p=instagram,https://d5ik1gor6xydq.cloudfront.net/sellers/150408/17128884438218791.webp
awroyal,Angelina Royal,10.5k,10500,"Lafayette, LA, US",$60,,1 Instagram Story,https://www.instagram.com/awroyal,https://collabstr.com/awroyal?p=instagram,https://d5ik1gor6xydq.cloudfront.net/sellers/329819/1744302498633401.webp
tiffanysmolinski,Tiffany Smolinski,11.5k,11500,"Deerfield Beach, FL, US",$50,5.0,1 Instagram Story,https://www.instagram.com/tiffanysmolinski,https://collabstr.com/tiffanysmolinski?p=instagram,https://d5ik1gor6xydq.cloudfront.net/sellers/497350/1757121918160931.webp
dudaguardado,Eduarda Lacerda,10.6k,10600,"Simi Valley, CA, US",$100,,1 Instagram Story,https://www.instagram.com/dudaguardado,https://collabstr.com/dudaguardado?p=instagram,https://d5ik1gor6xydq.cloudfront.net/sellers/1385842/1782347914907306.webp
tuthaiha,Emma Duong,36.1k,36100,"Los Angeles, CA, US",$150,,,https://www.instagram.com/tuthaiha,https://collabstr.com/tuthaiha?p=instagram,https://d5ik1gor6xydq.cloudfront.net/sellers/417442/1751912501359415.webp
haileyabuchanan,Hailey Buchanan,13.5k,13500,"Highland, UT, US",$100,,1 Instagram Story,https://www.instagram.com/haileyabuchanan,https://collabstr.com/haileyabuchanan?p=instagram,https://d5ik1gor6xydq.cloudfront.net/sellers/1372244/1782010317045813.webp
camilarengifocantillo,Camila Rengifo,11.3k,11300,"Cape Coral, FL, US",$50,,,https://www.instagram.com/camilarengifocantillo,https://collabstr.com/camilarengifocantillo?p=instagram,https://d5ik1gor6xydq.cloudfront.net/sellers/908523/17719813577777152.webp
kateelynnn,Katelynn Davidson,35.7k,35700,"Glen Easton, WV, US",$250,,,https://www.instagram.com/kateelynnn,https://collabstr.com/kateelynnn?p=instagram,https://d5ik1gor6xydq.cloudfront.net/sellers/65085/1673961016630728.webp
veronicaarc,Veronica Reyes,10.7k,10700,"Orlando, FL, US",$50,,1 Instagram Story,https://www.instagram.com/veronicaarc,https://collabstr.com/veronicaarc?p=instagram,https://d5ik1gor6xydq.cloudfront.net/sellers/278726/17687246886786337.webp
alinecgeraldi,Aline Cristine Geraldi,43.7k,43700,"Boca Raton, FL, US",$75,,1 Instagram Story,https://www.instagram.com/alinecgeraldi,https://collabstr.com/alinecgeraldi?p=instagram,https://d5ik1gor6xydq.cloudfront.net/sellers/1059220/17761296700961134.webp
verahorobei,Vera Horobei,10.2k,10200,"Spartanburg, SC, US",$250,,1 Instagram Photo Feed Post,https://www.instagram.com/verahorobei,https://collabstr.com/verahorobei?p=instagram,https://d5ik1gor6xydq.cloudfront.net/sellers/1612434/17876224524262798.webp
brittneykelly,Brittney Kelly,18.7k,18700,"Neptune Beach, FL, US",$75,4.7,1 Instagram Story,https://www.instagram.com/brittneykelly,https://collabstr.com/brittneykelly?p=instagram,https://d5ik1gor6xydq.cloudfront.net/sellers/222419/17285220990885236.webp
nandabmelo1,Fernanda Barroso,19.5k,19500,"Ashland, MA, US",$50,,1 Instagram Story,https://www.instagram.com/nandabmelo1,https://collabstr.com/nandabmelo1?p=instagram,https://d5ik1gor6xydq.cloudfront.net/sellers/873879/17712813660075924.webp
demetseyis,Demet Seyis,12.0k,12000,"Orlando, FL, US",$50,,1 Instagram Photo Feed Post,https://www.instagram.com/demetseyis,https://collabstr.com/demetseyis?p=instagram,https://d5ik1gor6xydq.cloudfront.net/sellers/1223528/1778483189265852.webp
rachelbacco,Rachel Bacco,15.7k,15700,"Kirkland, WA, US",$195,5.0,1 Instagram Story,https://www.instagram.com/rachelbacco,https://collabstr.com/rachelbacco?p=instagram,https://d5ik1gor6xydq.cloudfront.net/sellers/546223/17599547258956685.webp
luzwatts,Luz Watts,22.0k,22000,"Grapevine, TX, US",$50,,,https://www.instagram.com/luzwatts,https://collabstr.com/luzwatts?p=instagram,https://d5ik1gor6xydq.cloudfront.net/sellers/1330610/17813323442837572.webp
paogiovannini,Paola Giovannini,14.9k,14900,"Charlotte, NC, US",$100,4.8,,https://www.instagram.com/paogiovannini,https://collabstr.com/paogiovannini?p=instagram,https://d5ik1gor6xydq.cloudfront.net/sellers/1186514/17777752016361253.webp
iratarankov,Irina Tarankov,10.8k,10800,"Haslet, TX, US",$50,,1 Instagram Photo Feed Post,https://www.instagram.com/iratarankov,https://collabstr.com/iratarankov?p=instagram,https://d5ik1gor6xydq.cloudfront.net/sellers/561029/1783659175671124.webp
giulibusetto,Giulia Busetto,43.2k,43200,"Miami, FL, US",$60,5.0,1 Instagram Photo Feed Post,https://www.instagram.com/giulibusetto,https://collabstr.com/giulibusetto?p=instagram,https://d5ik1gor6xydq.cloudfront.net/sellers/356731/17694430859484918.webp
pwest,Paige Wester,39.0k,39000,"Kalamazoo, MI, US",$200,,,https://www.instagram.com/pwest,https://collabstr.com/pwest?p=instagram,https://d5ik1gor6xydq.cloudfront.net/sellers/761198/17689854994016967.webp
aubreylobrien,Aubrey O'Brien,12.2k,12200,"Destin, FL, US",$150,,,https://www.instagram.com/aubreylobrien,https://collabstr.com/aubreylobrien?p=instagram,https://d5ik1gor6xydq.cloudfront.net/sellers/174933/17187229501605058.webp
keepingupwiththegriffins,Keeping Up With The Griffins,13.8k,13800,"North Charleston, SC, US",$100,5.0,1 Instagram Story,https://www.instagram.com/keepingupwiththegriffins,https://collabstr.com/keepingupwiththegriffins?p=instagram,https://d5ik1gor6xydq.cloudfront.net/sellers/228568/1732929009395809.webp
shellyray,Shelly Ray,47.9k,47900,"Easley, SC, US",$250,5.0,,https://www.instagram.com/shellyray,https://collabstr.com/shellyray?p=instagram,https://d5ik1gor6xydq.cloudfront.net/sellers/119157/1702853084061801.webp
indiedood,Christina Flynn,32.5k,32500,"Saint Petersburg, FL, US",$225,,,https://www.instagram.com/indiedood,https://collabstr.com/indiedood?p=instagram,https://d5ik1gor6xydq.cloudfront.net/sellers/133429/17078756856754687.webp
imbossbri,Bri Bellmon,36.9k,36900,"Dallas, TX, US",$200,5.0,1 Instagram Photo Feed Post,https://www.instagram.com/imbossbri,https://collabstr.com/imbossbri?p=instagram,https://d5ik1gor6xydq.cloudfront.net/sellers/125279/17808016636922836.webp
owensdev13,Devri Garland,19.1k,19100,"Dallas, TX, US",$85,5.0,1 Instagram Story,https://www.instagram.com/owensdev13,https://collabstr.com/owensdev13?p=instagram,https://d5ik1gor6xydq.cloudfront.net/sellers/728782/17682584821811152.webp
happilykathy,Kathy Ha,13.2k,13200,"Oakland, CA, US",$150,,3 Instagram Photo Feed Posts,https://www.instagram.com/happilykathy,https://collabstr.com/happilykathy?p=instagram,https://d5ik1gor6xydq.cloudfront.net/sellers/31496/16348533349711607.webp
anafudolli,Ana Flavia Fudolli,21.2k,21200,"Miami, FL, US",$50,5.0,1 Instagram Photo Feed Post,https://www.instagram.com/anafudolli,https://collabstr.com/anafudolli?p=instagram,https://d5ik1gor6xydq.cloudfront.net/sellers/1113376/1781758387611864.webp
victoriafarnsworth,Victoria Farnsworth,15.2k,15200,"Queen Creek, AZ, US",$750,,1 Instagram Reel,https://www.instagram.com/victoriafarnsworth,https://collabstr.com/victoriafarnsworth?p=instagram,https://d5ik1gor6xydq.cloudfront.net/sellers/423692/175234658270246.webp
alytheslp,Aly Rogers,11.6k,11600,"Manassas, VA, US",$50,5.0,1 Instagram Story,https://www.instagram.com/alytheslp,https://collabstr.com/alytheslp?p=instagram,https://d5ik1gor6xydq.cloudfront.net/sellers/541231/176901435369847.webp
nathaliajmag,Nathalia Jmag,12.6k,12600,"Fort Lauderdale, FL, US",$100,5.0,,https://www.instagram.com/nathaliajmag,https://collabstr.com/nathaliajmag?p=instagram,https://d5ik1gor6xydq.cloudfront.net/sellers/618856/17637589382940145.webp
gladysbautista,Gladys Bautista,19.8k,19800,"Los Angeles, CA, US",$200,4.8,,https://www.instagram.com/gladysbautista,https://collabstr.com/gladysbautista?p=instagram,https://d5ik1gor6xydq.cloudfront.net/sellers/436281/17532301805324616.webp
sammmaben,Samm Maben,24.9k,24900,"Hermiston, OR, US",$175,5.0,,https://www.instagram.com/sammmaben,https://collabstr.com/sammmaben?p=instagram,https://d5ik1gor6xydq.cloudfront.net/sellers/356563/17468069094725716.webp
casadecolumbie,Rachael Columbie,28.9k,28900,"Tampa, FL, US",$800,,1 Instagram Photo Feed Post,https://www.instagram.com/casadecolumbie,https://collabstr.com/casadecolumbie?p=instagram,https://d5ik1gor6xydq.cloudfront.net/sellers/76448/1680656189972417.webp
rhondagipsonwillis,Rhonda Gipson-Willis,34.6k,34600,"Houston, TX, US",$150,5.0,1 Instagram Photo Feed Post,https://www.instagram.com/rhondagipsonwillis,https://collabstr.com/rhondagipsonwillis?p=instagram,https://d5ik1gor6xydq.cloudfront.net/sellers/476808/17562345715480683.webp
creatorchristy,Christy Rodriguez,22.7k,22700,"North Wales, PA, US",$50,5.0,,https://www.instagram.com/creatorchristy,https://collabstr.com/creatorchristy?p=instagram,https://d5ik1gor6xydq.cloudfront.net/sellers/392165/17787850527388911.webp
marthyrose,Marthy Blanco,24.7k,24700,"Homestead, FL, US",$85,5.0,,https://www.instagram.com/marthyrose,https://collabstr.com/marthyrose?p=instagram,https://d5ik1gor6xydq.cloudfront.net/sellers/1103408/17757865627719285.webp
jeanettetapley,Jeanette Tapley,12.3k,12300,"New Braunfels, TX, US",$65,4.9,,https://www.instagram.com/jeanettetapley,https://collabstr.com/jeanettetapley?p=instagram,https://d5ik1gor6xydq.cloudfront.net/sellers/340781/1745428225017633.webp
oli4kapredko,Olha Predko,16.9k,16900,"Minneapolis, MN, US",$60,5.0,3 Instagram Photo Feed Posts,https://www.instagram.com/oli4kapredko,https://collabstr.com/oli4kapredko?p=instagram,https://d5ik1gor6xydq.cloudfront.net/sellers/318835/1742836318206174.webp
theshortwife,Erin Byal,14.7k,14700,"Knob Noster, MO, US",$200,5.0,1 Instagram Photo Feed Post,https://www.instagram.com/theshortwife,https://collabstr.com/theshortwife?p=instagram,https://d5ik1gor6xydq.cloudfront.net/sellers/35340/1639597103558596.webp
destini-adams,Destini Batiste,28.0k,28000,"Houston, TX, US",$350,,1 Instagram Reel,https://www.instagram.com/destini-adams,https://collabstr.com/destini-adams?p=instagram,https://d5ik1gor6xydq.cloudfront.net/sellers/1561/1627631332982038.webp
thecurlybaddie,Tori Marks,30.5k,30500,"Dallas, TX, US",$150,5.0,1 Instagram Story,https://www.instagram.com/thecurlybaddie,https://collabstr.com/thecurlybaddie?p=instagram,https://d5ik1gor6xydq.cloudfront.net/sellers/242510/17314707702116435.webp
completelymomblog,Cortney,38.7k,38700,"Tampa, FL, US",$350,4.4,1 Instagram Story,https://www.instagram.com/completelymomblog,https://collabstr.com/completelymomblog?p=instagram,https://d5ik1gor6xydq.cloudfront.net/sellers/10859/16276326911126225.jpg
judithlato,Judith Lato,25.3k,25300,"Gastonia, NC, US",$100,5.0,1 Instagram Story,https://www.instagram.com/judithlato,https://collabstr.com/judithlato?p=instagram,https://d5ik1gor6xydq.cloudfront.net/sellers/91166/17675722677225654.webp
jessmurphy27,Jessica Murphy,13.7k,13700,"Royersford, PA, US",$600,5.0,1 Instagram Reel,https://www.instagram.com/jessmurphy27,https://collabstr.com/jessmurphy27?p=instagram,https://d5ik1gor6xydq.cloudfront.net/sellers/194765/17840824181958468.webp
riscilla-7600,Riscilla Christensen,10.7k,10700,"Los Angeles, CA, US",$50,,1 Instagram Story,https://www.instagram.com/riscilla-7600,https://collabstr.com/riscilla-7600?p=instagram,https://d5ik1gor6xydq.cloudfront.net/sellers/1258262/17793807977801716.webp
sydneesaucedo,Sydnee Saucedo,46.5k,46500,"Peoria, AZ, US",$150,5.0,,https://www.instagram.com/sydneesaucedo,https://collabstr.com/sydneesaucedo?p=instagram,https://d5ik1gor6xydq.cloudfront.net/sellers/135149/173462274261262.webp
arismary,Arismary Garcia,22.4k,22400,"Phoenix, AZ, US",$50,,,https://www.instagram.com/arismary,https://collabstr.com/arismary?p=instagram,https://d5ik1gor6xydq.cloudfront.net/sellers/654074/17655665436891775.webp
thekinderteachermelissa,Melissa Whitmore,25.8k,25800,"Boston, MA, US",$100,,1 Instagram Story,https://www.instagram.com/thekinderteachermelissa,https://collabstr.com/thekinderteachermelissa?p=instagram,https://d5ik1gor6xydq.cloudfront.net/sellers/1081247/17752424033465044.webp
shaniajuzil,Shania Juzil,11.8k,11800,"Chicago, IL, US",$100,,,https://www.instagram.com/shaniajuzil,https://collabstr.com/shaniajuzil?p=instagram,https://d5ik1gor6xydq.cloudfront.net/sellers/117135/1781766739077963.webp
christinadeshomme,Christina Deshomme,15.2k,15200,"Los Angeles, CA, US",$300,,1 Instagram Story,https://www.instagram.com/christinadeshomme,https://collabstr.com/christinadeshomme?p=instagram,https://d5ik1gor6xydq.cloudfront.net/sellers/101874/16940766087754345.webp
nataliegbouck,Natalie Bouck,13.0k,13000,"Dallas, TX, US",$100,,,https://www.instagram.com/nataliegbouck,https://collabstr.com/nataliegbouck?p=instagram,https://d5ik1gor6xydq.cloudfront.net/sellers/1346760/178137905837239.webp
evgeniiazlobina,Evgeniia Zlobina,40.5k,40500,"Tampa, FL, US",$100,,1 Instagram Photo Feed Post,https://www.instagram.com/evgeniiazlobina,https://collabstr.com/evgeniiazlobina?p=instagram,https://d5ik1gor6xydq.cloudfront.net/sellers/198414/17237476196443014.webp
jordancolleenscott,Jordan Scott,25.9k,25900,"North Augusta, SC, US",$500,,1 Instagram Story,https://www.instagram.com/jordancolleenscott,https://collabstr.com/jordancolleenscott?p=instagram,https://d5ik1gor6xydq.cloudfront.net/sellers/144039/17111486795131822.webp
juhgovernale,Jusceni Governale,11.8k,11800,"Pasco, WA, US",$80,,3 Instagram Photo Feed Posts,https://www.instagram.com/juhgovernale,https://collabstr.com/juhgovernale?p=instagram,https://d5ik1gor6xydq.cloudfront.net/sellers/667511/17831901089156466.webp
maryanefaria,Maryane Faria,49.2k,49200,"Newark, NJ, US",$50,,,https://www.instagram.com/maryanefaria,https://collabstr.com/maryanefaria?p=instagram,https://d5ik1gor6xydq.cloudfront.net/sellers/334960/17453272924825337.webp
lovelightashley,Ashley,18.7k,18700,"Nashville, TN, US",$75,,,https://www.instagram.com/lovelightashley,https://collabstr.com/lovelightashley?p=instagram,https://d5ik1gor6xydq.cloudfront.net/sellers/370221/17479345333575506.webp
helloangelrose,Angel E,12.6k,12600,"Detroit, MI, US",$100,,1 Instagram Story,https://www.instagram.com/helloangelrose,https://collabstr.com/helloangelrose?p=instagram,https://d5ik1gor6xydq.cloudfront.net/sellers/1009557/17739792235469046.webp
styledbysumms,Summer Withers,12.2k,12200,"Anaheim, CA, US",$50,,1 Instagram Story,https://www.instagram.com/styledbysumms,https://collabstr.com/styledbysumms?p=instagram,https://d5ik1gor6xydq.cloudfront.net/sellers/345508/17458600725555518.webp
konotopchyk,Kateryna Akhtemiychuk,13.4k,13400,"Thornton, CO, US",$50,,1 Instagram Story,https://www.instagram.com/konotopchyk,https://collabstr.com/konotopchyk?p=instagram,https://d5ik1gor6xydq.cloudfront.net/sellers/270213/17834301293097641.webp
dannydkelley,Danny Kelley,21.9k,21900,"Los Angeles, CA, US",$200,,,https://www.instagram.com/dannydkelley,https://collabstr.com/dannydkelley?p=instagram,https://d5ik1gor6xydq.cloudfront.net/sellers/734100/1768418023416129.webp
emcdonovan,Emma Donovan,10.0k,10000,"Tewksbury, MA, US",$75,,,https://www.instagram.com/emcdonovan,https://collabstr.com/emcdonovan?p=instagram,https://d5ik1gor6xydq.cloudfront.net/sellers/544503/17598652546868753.webp
ariki,Arai,11.1k,11100,"San Diego, CA, US",$100,,1 Instagram Story,https://www.instagram.com/ariki,https://collabstr.com/ariki?p=instagram,https://d5ik1gor6xydq.cloudfront.net/sellers/263370/1734645766454266.webp
tayyrastetter,Taylor Rastetter,11.3k,11300,"Cedar Rapids, IA, US",$60,,1 Instagram Story,https://www.instagram.com/tayyrastetter,https://collabstr.com/tayyrastetter?p=instagram,https://d5ik1gor6xydq.cloudfront.net/sellers/738642/1768556235141609.webp
zhannaordev1,Zhanna,14.0k,14000,"Conroe, TX, US",$50,,1 Instagram Story,https://www.instagram.com/zhannaordev1,https://collabstr.com/zhannaordev1?p=instagram,https://d5ik1gor6xydq.cloudfront.net/sellers/340911/1745726308995338.webp
audreysinbloom,Audrey Jones,42.4k,42400,"Vista, CA, US",$150,,,https://www.instagram.com/audreysinbloom,https://collabstr.com/audreysinbloom?p=instagram,https://d5ik1gor6xydq.cloudfront.net/sellers/926300/1772343746452772.webp
noorsalazar,Noor Salazar,22.8k,22800,"El Cajon, CA, US",$50,,,https://www.instagram.com/noorsalazar,https://collabstr.com/noorsalazar?p=instagram,https://d5ik1gor6xydq.cloudfront.net/sellers/995037/17737700531487832.webp
negindova,Negin C,21.8k,21800,"Tucson, AZ, US",$200,,1 Instagram Story,https://www.instagram.com/negindova,https://collabstr.com/negindova?p=instagram,https://d5ik1gor6xydq.cloudfront.net/sellers/124846/17052413638730934.webp
darlah,Darla Hagerman,14.2k,14200,"Elizabethville, PA, US",$50,,1 Instagram Story,https://www.instagram.com/darlah,https://collabstr.com/darlah?p=instagram,https://d5ik1gor6xydq.cloudfront.net/sellers/1408357/17828692945543382.webp
caidenrose,Caiden Rose,20.5k,20500,"Leesburg, FL, US","$1,800",,1 Instagram Reel,https://www.instagram.com/caidenrose,https://collabstr.com/caidenrose?p=instagram,https://d5ik1gor6xydq.cloudfront.net/sellers/1476887/1784591478348238.webp
zarinammj,Zarina,19.9k,19900,"Los Angeles, CA, US",$100,5.0,1 Instagram Story,https://www.instagram.com/zarinammj,https://collabstr.com/zarinammj?p=instagram,https://d5ik1gor6xydq.cloudfront.net/sellers/252123/17727459088749309.webp
91till,Andrew Rivera,16.0k,16000,"Orlando, FL, US",$50,5.0,1 Instagram Story,https://www.instagram.com/91till,https://collabstr.com/91till?p=instagram,https://d5ik1gor6xydq.cloudfront.net/sellers/362971/1747328754869559.webp
courtneycchen,Courtney Chen,37.3k,37300,"Manhattan Beach, CA, US",$50,,1 Instagram Story,https://www.instagram.com/courtneycchen,https://collabstr.com/courtneycchen?p=instagram,https://d5ik1gor6xydq.cloudfront.net/sellers/650627/1765407574247263.webp
theelizabethsharp,Elizabeth Sharp,13.3k,13300,"Bay Minette, AL, US",$50,,1 Instagram Story,https://www.instagram.com/theelizabethsharp,https://collabstr.com/theelizabethsharp?p=instagram,https://d5ik1gor6xydq.cloudfront.net/sellers/573463/17613992178025372.webp
lindautter,Linda Utter,17.0k,17000,"Longs, SC, US",$100,,,https://www.instagram.com/lindautter,https://collabstr.com/lindautter?p=instagram,https://d5ik1gor6xydq.cloudfront.net/sellers/1150403/17767111919849014.webp
riah005,Moriah,43.3k,43300,"Dallas, TX, US",$250,,,https://www.instagram.com/riah005,https://collabstr.com/riah005?p=instagram,https://d5ik1gor6xydq.cloudfront.net/sellers/878393/17713798471316762.webp
vicsosa,Victoria Sosa,41.6k,41600,"Miami, FL, US",$50,,1 Instagram Story,https://www.instagram.com/vicsosa,https://collabstr.com/vicsosa?p=instagram,https://d5ik1gor6xydq.cloudfront.net/sellers/497393/1757125744061021.webp
francisv,Francis Vasquez,10.2k,10200,"Orlando, FL, US",$50,,1 Instagram Story,https://www.instagram.com/francisv,https://collabstr.com/francisv?p=instagram,https://d5ik1gor6xydq.cloudfront.net/sellers/725615/17681625681382186.webp
lifewithzarakhan,Zara Khan,10.4k,10400,"Herndon, VA, US",$50,,1 Instagram Story,https://www.instagram.com/lifewithzarakhan,https://collabstr.com/lifewithzarakhan?p=instagram,https://d5ik1gor6xydq.cloudfront.net/sellers/1254079/17792937437685359.webp
hellomrsrachel,Rachel,41.3k,41300,"Thompsons Station, TN, US",$50,,1 Instagram Story,https://www.instagram.com/hellomrsrachel,https://collabstr.com/hellomrsrachel?p=instagram,https://d5ik1gor6xydq.cloudfront.net/sellers/1336328/17812828501255677.webp
elene,Elene,38.3k,38300,"Wilmington, DE, US",$50,,1 Instagram Story,https://www.instagram.com/elene,https://collabstr.com/elene?p=instagram,https://d5ik1gor6xydq.cloudfront.net/sellers/1350639/17814766554938145.webp
alishamercy,Alisha Garcia,17.2k,17200,"Savannah, TN, US",$50,,1 Instagram Story,https://www.instagram.com/alishamercy,https://collabstr.com/alishamercy?p=instagram,https://d5ik1gor6xydq.cloudfront.net/sellers/1339246/17813300581395373.webp
ashermanas,Marina Miranda De Araujo,13.0k,13000,"Doral, FL, US",$60,,1 Instagram Photo Feed Post,https://www.instagram.com/ashermanas,https://collabstr.com/ashermanas?p=instagram,https://d5ik1gor6xydq.cloudfront.net/sellers/878804/17713915946341054.webp
marahjereikh,Marah Jereikh,15.6k,15600,"Flagler Beach, FL, US",$100,,1 Instagram Photo Feed Post,https://www.instagram.com/marahjereikh,https://collabstr.com/marahjereikh?p=instagram,https://d5ik1gor6xydq.cloudfront.net/sellers/240196/17311194846876338.webp
lifewithjenniferr,Jennifer  Lucas,11.7k,11700,"Fredericksburg, VA, US",$50,,1 Instagram Photo Feed Post,https://www.instagram.com/lifewithjenniferr,https://collabstr.com/lifewithjenniferr?p=instagram,https://d5ik1gor6xydq.cloudfront.net/sellers/246285/17320411590915396.webp
danielaavilan,Daniela Avilan,17.4k,17400,"Summerville, SC, US",$100,,1 Instagram Photo Feed Post,https://www.instagram.com/danielaavilan,https://collabstr.com/danielaavilan?p=instagram,https://d5ik1gor6xydq.cloudfront.net/sellers/181525/17200944381882718.webp
laurendeleary,Lauren Deleary,10.7k,10700,"Nashville, TN, US",$125,,,https://www.instagram.com/laurendeleary,https://collabstr.com/laurendeleary?p=instagram,https://d5ik1gor6xydq.cloudfront.net/sellers/526233/17587498329377198.webp
vsgchelsea,Chelsea Gabriella,11.7k,11700,"Leesburg, VA, US",$50,,1 Instagram Photo Feed Post,https://www.instagram.com/vsgchelsea,https://collabstr.com/vsgchelsea?p=instagram,https://d5ik1gor6xydq.cloudfront.net/sellers/122317/17044044606397815.webp
bambineandme,Pat Basermann,22.2k,22200,"Boston, MA, US",$149,,,https://www.instagram.com/bambineandme,https://collabstr.com/bambineandme?p=instagram,https://d5ik1gor6xydq.cloudfront.net/sellers/125700/17055003442028737.webp
persiazarrabi,Persia Sharifat,10.1k,10100,"Los Angeles, CA, US",$100,,1 Instagram Photo Feed Post,https://www.instagram.com/persiazarrabi,https://collabstr.com/persiazarrabi?p=instagram,https://d5ik1gor6xydq.cloudfront.net/sellers/244821/17318112910619748.webp
deedrea-herrera,Deedrea Herrera,17.0k,17000,"Bakersfield, CA, US",$300,5.0,1 Instagram Reel (30 Seconds),https://www.instagram.com/deedrea-herrera,https://collabstr.com/deedrea-herrera?p=instagram,https://d5ik1gor6xydq.cloudfront.net/sellers/2606/1673844559193016.webp
shelbyhyles,Shelby Hyles,12.3k,12300,"Waxahachie, TX, US",$300,,1 Instagram Reel,https://www.instagram.com/shelbyhyles,https://collabstr.com/shelbyhyles?p=instagram,https://d5ik1gor6xydq.cloudfront.net/sellers/1637737/17881985417626958.webp
naylalluna,Nayla | Lifestyle & Beauty Creator,12.5k,12500,"Chicago, IL, US",$100,,,https://www.instagram.com/naylalluna,https://collabstr.com/naylalluna?p=instagram,https://d5ik1gor6xydq.cloudfront.net/sellers/1113932/17815075588058496.webp
zuesordaz,Jesus Ordaz,10.7k,10700,"Worthington, MN, US",$150,5.0,1 Instagram Story,https://www.instagram.com/zuesordaz,https://collabstr.com/zuesordaz?p=instagram,https://d5ik1gor6xydq.cloudfront.net/sellers/344026/1773555648622351.webp
itsangelicagarcia,Angelica Garcia,14.6k,14600,"Mission, TX, US",$50,,1 Instagram Story,https://www.instagram.com/itsangelicagarcia,https://collabstr.com/itsangelicagarcia?p=instagram,https://d5ik1gor6xydq.cloudfront.net/sellers/1447328/17849510140675366.webp
mady,Mady Rivera,13.8k,13800,"Pleasant Grove, UT, US",$50,5.0,1 Instagram Story,https://www.instagram.com/mady,https://collabstr.com/mady?p=instagram,https://d5ik1gor6xydq.cloudfront.net/sellers/463212/17552120212184613.webp
iamshanavee,Shana James,10.0k,10000,"Brooklyn, NY, US",$250,,1 Instagram Photo Feed Post,https://www.instagram.com/iamshanavee,https://collabstr.com/iamshanavee?p=instagram,https://d5ik1gor6xydq.cloudfront.net/sellers/1432355/1783440252617416.webp
motionmelissa,Melissa Gambone,10.3k,10300,"Greenville, SC, US",$100,5.0,1 Instagram Story,https://www.instagram.com/motionmelissa,https://collabstr.com/motionmelissa?p=instagram,https://d5ik1gor6xydq.cloudfront.net/sellers/215212/17271899825943816.webp
elleaustin,Latoya Austin,22.6k,22600,"Villa Rica, GA, US",$200,,1 Instagram Photo Feed Post,https://www.instagram.com/elleaustin,https://collabstr.com/elleaustin?p=instagram,https://d5ik1gor6xydq.cloudfront.net/sellers/240032/1736780456197932.webp
mrthompson,Daniel Thompson,18.8k,18800,"Atlanta, GA, US",$200,,,https://www.instagram.com/mrthompson,https://collabstr.com/mrthompson?p=instagram,https://d5ik1gor6xydq.cloudfront.net/sellers/719995/17679671922896395.webp
maggieclark,Maggie Clark,24.6k,24600,"Los Angeles, CA, US",$125,,,https://www.instagram.com/maggieclark,https://collabstr.com/maggieclark?p=instagram,https://d5ik1gor6xydq.cloudfront.net/sellers/1640782/17882829913465493.webp
coleyraeh,Nichole Holze,16.4k,16400,"Texarkana, AR, US",$50,5.0,,https://www.instagram.com/coleyraeh,https://collabstr.com/coleyraeh?p=instagram,https://d5ik1gor6xydq.cloudfront.net/sellers/88042/16873729989456067.webp
estee,Estee Gazit,18.1k,18100,"Austin, TX, US",$50,,1 Instagram Story,https://www.instagram.com/estee,https://collabstr.com/estee?p=instagram,https://d5ik1gor6xydq.cloudfront.net/sellers/519502/17583397295499742.webp
stacieshemer,Stacie Shemereko,13.8k,13800,"Honolulu, HI, US",$50,,1 Instagram Story,https://www.instagram.com/stacieshemer,https://collabstr.com/stacieshemer?p=instagram,https://d5ik1gor6xydq.cloudfront.net/sellers/1540594/17860047619890819.webp
annaefremova,Anna Efremova,11.7k,11700,"Los Angeles, CA, US",$50,,,https://www.instagram.com/annaefremova,https://collabstr.com/annaefremova?p=instagram,https://d5ik1gor6xydq.cloudfront.net/sellers/192723/17225493722057908.webp
kaioshin,Vuyo Dasha,27.3k,27300,"Rexburg, ID, US",$50,,,https://www.instagram.com/kaioshin,https://collabstr.com/kaioshin?p=instagram,https://d5ik1gor6xydq.cloudfront.net/sellers/102561/16944645545770237.webp
troybrooks,Troy Brooks,24.4k,24400,"Buford, GA, US","$2,000",,1 Instagram Photo Feed Post,https://www.instagram.com/troybrooks,https://collabstr.com/troybrooks?p=instagram,https://d5ik1gor6xydq.cloudfront.net/sellers/48594/17000899653884397.webp
sunrisevoyagers,Angela Chun,18.0k,18000,"Trabuco Canyon, CA, US",$50,,1 Instagram Story,https://www.instagram.com/sunrisevoyagers,https://collabstr.com/sunrisevoyagers?p=instagram,https://d5ik1gor6xydq.cloudfront.net/sellers/217319/17272147770194435.webp
ansleyvanepps,Ansley Van Epps,22.3k,22300,"Tampa, FL, US",$350,,1 Instagram Photo Feed Post,https://www.instagram.com/ansleyvanepps,https://collabstr.com/ansleyvanepps?p=instagram,https://d5ik1gor6xydq.cloudfront.net/sellers/1385683/1782339798162368.webp
annetteward,Annette Ward,11.6k,11600,"Lincoln, AL, US",$50,3.0,,https://www.instagram.com/annetteward,https://collabstr.com/annetteward?p=instagram,https://d5ik1gor6xydq.cloudfront.net/sellers/802240/17711290761040676.webp
aayushibhushan,Aayushi Bhushan,20.7k,20700,"Plano, TX, US",$50,,1 Instagram Story,https://www.instagram.com/aayushibhushan,https://collabstr.com/aayushibhushan?p=instagram,https://d5ik1gor6xydq.cloudfront.net/sellers/682655/1766780043035147.webp
brunettetahoette,Amber Dibello,36.1k,36100,"Reno, NV, US",$50,4.9,1 Instagram Story,https://www.instagram.com/brunettetahoette,https://collabstr.com/brunettetahoette?p=instagram,https://d5ik1gor6xydq.cloudfront.net/sellers/130719/17213583891832435.webp
mamameggzz,Megan Blankenship,40.5k,40500,"Shawnee, KS, US","$1,800",,1 Instagram Reel,https://www.instagram.com/mamameggzz,https://collabstr.com/mamameggzz?p=instagram,https://d5ik1gor6xydq.cloudfront.net/sellers/1533889/17858645224108155.webp
richardgallardo,Ricardo Gallardo,19.8k,19800,"Dallas, TX, US",$150,,,https://www.instagram.com/richardgallardo,https://collabstr.com/richardgallardo?p=instagram,https://d5ik1gor6xydq.cloudfront.net/sellers/995232/1773772687126189.webp
simplysepi,Sepideh Haftgoli,26.2k,26200,"Los Angeles, CA, US",$100,4.8,,https://www.instagram.com/simplysepi,https://collabstr.com/simplysepi?p=instagram,https://d5ik1gor6xydq.cloudfront.net/sellers/33735/1755549082055834.webp
chantaemac,Chantae Mcmillan,36.3k,36300,"Atlanta, GA, US",$150,5.0,,https://www.instagram.com/chantaemac,https://collabstr.com/chantaemac?p=instagram,https://d5ik1gor6xydq.cloudfront.net/sellers/82529/16840285927034383.webp
yaritsa,Yaritsa,10.3k,10300,"Charlotte, NC, US",$100,,1 Instagram Reel,https://www.instagram.com/yaritsa,https://collabstr.com/yaritsa?p=instagram,https://d5ik1gor6xydq.cloudfront.net/sellers/1490857/17849286142424026.webp
keepingitrizza,Rizza Miles,12.0k,12000,"Eastvale, CA, US",$200,4.7,1 Instagram Photo Feed Post,https://www.instagram.com/keepingitrizza,https://collabstr.com/keepingitrizza?p=instagram,https://d5ik1gor6xydq.cloudfront.net/sellers/57945/16659827569539187.webp
amandarobinsonlls,Amanda Robinson,27.8k,27800,"Omaha, NE, US",$150,4.3,1 Instagram Photo Feed Post,https://www.instagram.com/amandarobinsonlls,https://collabstr.com/amandarobinsonlls?p=instagram,https://d5ik1gor6xydq.cloudfront.net/sellers/296382/17400549533897853.webp
ahavakaitlyn,Kaitlyn Chay,15.7k,15700,"Columbus, OH, US",$50,,,https://www.instagram.com/ahavakaitlyn,https://collabstr.com/ahavakaitlyn?p=instagram,https://d5ik1gor6xydq.cloudfront.net/sellers/1438914/17835969358858733.webp
lizettelove,Lizette Love,14.9k,14900,"Phoenix, AZ, US",$100,,1 Instagram Photo Feed Post,https://www.instagram.com/lizettelove,https://collabstr.com/lizettelove?p=instagram,https://d5ik1gor6xydq.cloudfront.net/sellers/1588211/17871119510813951.webp
thesierramckenzie,Sierra Mckenzie,24.6k,24600,"Dickinson, ND, US",$300,,1 Instagram Story,https://www.instagram.com/thesierramckenzie,https://collabstr.com/thesierramckenzie?p=instagram,https://d5ik1gor6xydq.cloudfront.net/sellers/123323/17047698068592427.webp
homechronicles,Adele Brown,34.8k,34800,"Muncie, IN, US",$100,5.0,1 Instagram Story,https://www.instagram.com/homechronicles,https://collabstr.com/homechronicles?p=instagram,https://d5ik1gor6xydq.cloudfront.net/sellers/263338/17346415780789845.webp
frescochannel,Joao Gutierrez,25.3k,25300,"Miami, FL, US",$500,,1 Instagram Reel,https://www.instagram.com/frescochannel,https://collabstr.com/frescochannel?p=instagram,https://d5ik1gor6xydq.cloudfront.net/sellers/1560586/178645549615064.webp
theembrys,The Embry's,26.5k,26500,"Sylacauga, AL, US",$150,,1 Instagram Story,https://www.instagram.com/theembrys,https://collabstr.com/theembrys?p=instagram,https://d5ik1gor6xydq.cloudfront.net/sellers/1620626/1787842920217833.webp
princessslayahhhndfam,Kriza Feliciano,19.2k,19200,"Wake Forest, NC, US",$200,4.9,,https://www.instagram.com/princessslayahhhndfam,https://collabstr.com/princessslayahhhndfam?p=instagram,https://d5ik1gor6xydq.cloudfront.net/sellers/34549/1639062637025104.webp
threehappysuns,Jamie Stransky,17.3k,17300,"Denver, CO, US",$50,,,https://www.instagram.com/threehappysuns,https://collabstr.com/threehappysuns?p=instagram,https://d5ik1gor6xydq.cloudfront.net/sellers/1446013/17837772061609967.webp
jemisart,Zhemis,38.5k,38500,"New York, NY, US",$90,,,https://www.instagram.com/jemisart,https://collabstr.com/jemisart?p=instagram,https://d5ik1gor6xydq.cloudfront.net/sellers/281061/17379180157299542.webp
lobachevska,Ana Lobachevska,12.3k,12300,"Charlotte, NC, US",$50,,1 Instagram Story,https://www.instagram.com/lobachevska,https://collabstr.com/lobachevska?p=instagram,https://d5ik1gor6xydq.cloudfront.net/sellers/1502884/1785186440647372.webp
mareelsa,Marisa Yfarraguerri,47.6k,47600,"Arlington, TX, US",$120,,,https://www.instagram.com/mareelsa,https://collabstr.com/mareelsa?p=instagram,https://d5ik1gor6xydq.cloudfront.net/sellers/964003/17731528929355192.webp
momandtee,Tara Ade,16.6k,16600,"Port Orange, FL, US",$80,5.0,1 Instagram Story,https://www.instagram.com/momandtee,https://collabstr.com/momandtee?p=instagram,https://d5ik1gor6xydq.cloudfront.net/sellers/346808/17688632973788002.webp
katehall,Kate Hall,39.6k,39600,"Summerville, SC, US",$200,4.8,,https://www.instagram.com/katehall,https://collabstr.com/katehall?p=instagram,https://d5ik1gor6xydq.cloudfront.net/sellers/392180/17499086766909125.webp
rayanved,Akshita Thakur,19.3k,19300,"Austin, TX, US",$75,5.0,1 Instagram Story,https://www.instagram.com/rayanved,https://collabstr.com/rayanved?p=instagram,https://d5ik1gor6xydq.cloudfront.net/sellers/1134243/17799394087491212.webp
littleblackscrubs,Bridget Jones,14.0k,14000,"Madison, MS, US",$75,5.0,1 Instagram Story,https://www.instagram.com/littleblackscrubs,https://collabstr.com/littleblackscrubs?p=instagram,https://d5ik1gor6xydq.cloudfront.net/sellers/529599/17589651563257916.webp
blacklacebeauty,Hannah Martin,10.4k,10400,"Greer, SC, US",$650,5.0,,https://www.instagram.com/blacklacebeauty,https://collabstr.com/blacklacebeauty?p=instagram,https://d5ik1gor6xydq.cloudfront.net/sellers/40419/16469482558701026.webp
livismomdiaries,Livi Montgomery,33.1k,33100,"Rupert, ID, US",$100,5.0,1 Instagram Story,https://www.instagram.com/livismomdiaries,https://collabstr.com/livismomdiaries?p=instagram,https://d5ik1gor6xydq.cloudfront.net/sellers/147169/17120242503947134.webp
adhdwithjames,James Douglas Jr.,22.0k,22000,"West Palm Beach, FL, US",$50,,1 Instagram Story,https://www.instagram.com/adhdwithjames,https://collabstr.com/adhdwithjames?p=instagram,https://d5ik1gor6xydq.cloudfront.net/sellers/1521896/1785598880789663.webp
adventuresofchefanieugc,Stephanie Goldstein,13.1k,13100,"New York, NY, US",$125,,,https://www.instagram.com/adventuresofchefanieugc,https://collabstr.com/adventuresofchefanieugc?p=instagram,https://d5ik1gor6xydq.cloudfront.net/sellers/715142/17678116488106437.webp
steviemstarks,Stevie Starks,27.9k,27900,"Suffolk, VA, US",$250,,,https://www.instagram.com/steviemstarks,https://collabstr.com/steviemstarks?p=instagram,https://d5ik1gor6xydq.cloudfront.net/sellers/122895/17046392276141043.webp
peacefulpeanutsleep,Kelsey Flores,18.8k,18800,"Arroyo Grande, CA, US",$300,,1 Instagram Photo Feed Post,https://www.instagram.com/peacefulpeanutsleep,https://collabstr.com/peacefulpeanutsleep?p=instagram,https://d5ik1gor6xydq.cloudfront.net/sellers/144393/17695327930126824.webp
leiisa,Leiisa,13.1k,13100,"Las Vegas, NV, US",$75,,1 Instagram Photo Feed Post,https://www.instagram.com/leiisa,https://collabstr.com/leiisa?p=instagram,https://d5ik1gor6xydq.cloudfront.net/sellers/1155663/17825450328899508.webp
caseyisabella,Casey Isabella Watson,30.9k,30900,"Naples, FL, US",$75,,1 Instagram Story,https://www.instagram.com/caseyisabella,https://collabstr.com/caseyisabella?p=instagram,https://d5ik1gor6xydq.cloudfront.net/sellers/1448784/17838550915819397.webp
toontailhub,Danial,16.8k,16800,"Los Angeles, CA, US",$50,,,https://www.instagram.com/toontailhub,https://collabstr.com/toontailhub?p=instagram,https://d5ik1gor6xydq.cloudfront.net/sellers/314735/1742262823428323.webp
kayleewearsthat,Kaylee Pike,22.5k,22500,"Lehi, UT, US",$150,,,https://www.instagram.com/kayleewearsthat,https://collabstr.com/kayleewearsthat?p=instagram,https://d5ik1gor6xydq.cloudfront.net/sellers/1441912/17837152026994371.webp
busymamaeasybites,Amy,36.5k,36500,"Roswell, GA, US",$150,,,https://www.instagram.com/busymamaeasybites,https://collabstr.com/busymamaeasybites?p=instagram,https://d5ik1gor6xydq.cloudfront.net/sellers/1385890/1782350917247115.webp
lagabygab,Gabriela,12.1k,12100,"Charlotte, NC, US",$50,,1 Instagram Story,https://www.instagram.com/lagabygab,https://collabstr.com/lagabygab?p=instagram,https://d5ik1gor6xydq.cloudfront.net/sellers/1013431/1774050980167251.webp
kevoarts,Kevo Arts,20.8k,20800,"Houston, TX, US",$50,,,https://www.instagram.com/kevoarts,https://collabstr.com/kevoarts?p=instagram,https://d5ik1gor6xydq.cloudfront.net/sellers/1043877/17745516761418943.webp
katehouserpeters,Kate Houser,28.1k,28100,"Tustin, CA, US",$250,,1 Instagram Story,https://www.instagram.com/katehouserpeters,https://collabstr.com/katehouserpeters?p=instagram,https://d5ik1gor6xydq.cloudfront.net/sellers/125246/17053710835911376.webp
mekamonroexo,Meka Brame,19.4k,19400,"Hollywood, FL, US",$200,,1 Instagram Reel,https://www.instagram.com/mekamonroexo,https://collabstr.com/mekamonroexo?p=instagram,https://d5ik1gor6xydq.cloudfront.net/sellers/1501335/1785159841863339.webp
glowingstayy,Stayce Quintero,16.9k,16900,"Miami, FL, US",$80,,1 Instagram Photo Feed Post,https://www.instagram.com/glowingstayy,https://collabstr.com/glowingstayy?p=instagram,https://d5ik1gor6xydq.cloudfront.net/sellers/1440279/17836215069934294.webp
danimurielm,Daniela Dimaggio,11.9k,11900,"Newark, NJ, US",$150,,5 Instagram Photo Feed Posts,https://www.instagram.com/danimurielm,https://collabstr.com/danimurielm?p=instagram,https://d5ik1gor6xydq.cloudfront.net/sellers/1450829/17839103538555262.webp
caviarmeetscouture,Caitlyn Prothro,28.9k,28900,"Boise, ID, US",$175,,,https://www.instagram.com/caviarmeetscouture,https://collabstr.com/caviarmeetscouture?p=instagram,https://d5ik1gor6xydq.cloudfront.net/sellers/138338/17093413190845559.webp
foddieadventuresnj,Yusisleidy,28.7k,28700,"Moonachie, NJ, US",$80,,,https://www.instagram.com/foddieadventuresnj,https://collabstr.com/foddieadventuresnj?p=instagram,https://d5ik1gor6xydq.cloudfront.net/sellers/988280/17735818740694976.webp
fffrancesca,Francesca Perini,11.4k,11400,"Miami, FL, US",$50,,,https://www.instagram.com/fffrancesca,https://collabstr.com/fffrancesca?p=instagram,https://d5ik1gor6xydq.cloudfront.net/sellers/1627901/17879504039113019.webp
itssabrinahering,Sabrina Hering,13.9k,13900,"Sunrise, FL, US",$50,,1 Instagram Story,https://www.instagram.com/itssabrinahering,https://collabstr.com/itssabrinahering?p=instagram,https://d5ik1gor6xydq.cloudfront.net/sellers/1637494/17881954285442586.webp
mabel22,Mabel Follo,21.1k,21100,"Miami, FL, US",$170,,1 Instagram Reel (40 Seconds),https://www.instagram.com/mabel22,https://collabstr.com/mabel22?p=instagram,https://d5ik1gor6xydq.cloudfront.net/sellers/1630526/178802232490081.webp
glutenfreefinds,Leslie Bari,22.0k,22000,"Philadelphia, PA, US",$50,5.0,Instagram Story,https://www.instagram.com/glutenfreefinds,https://collabstr.com/glutenfreefinds?p=instagram,https://d5ik1gor6xydq.cloudfront.net/sellers/62587/17262327351829636.webp
livelifewithminnie,Padmini Potia,32.9k,32900,"Elmont, NY, US",$50,,1 Instagram Story,https://www.instagram.com/livelifewithminnie,https://collabstr.com/livelifewithminnie?p=instagram,https://d5ik1gor6xydq.cloudfront.net/sellers/345506/1745865085734926.webp
raisingwildwinches,Rachel Winchester,11.6k,11600,"Saint Louis, MO, US",$250,,,https://www.instagram.com/raisingwildwinches,https://collabstr.com/raisingwildwinches?p=instagram,https://d5ik1gor6xydq.cloudfront.net/sellers/1476742/17845894207152083.webp
jordynduh,Jordyn Schoettner,12.1k,12100,"Denver, CO, US",$150,,,https://www.instagram.com/jordynduh,https://collabstr.com/jordynduh?p=instagram,https://d5ik1gor6xydq.cloudfront.net/sellers/217289/17272089344762197.webp
gabbettfamilytravels,Alanna Gabbett,11.2k,11200,"Oakland, CA, US",$50,,1 Instagram Story,https://www.instagram.com/gabbettfamilytravels,https://collabstr.com/gabbettfamilytravels?p=instagram,https://d5ik1gor6xydq.cloudfront.net/sellers/1511705/17857373129621246.webp
jenninthecountry,Jennifer Harding,26.7k,26700,"Doniphan, MO, US",$50,,1 Instagram Story,https://www.instagram.com/jenninthecountry,https://collabstr.com/jenninthecountry?p=instagram,https://d5ik1gor6xydq.cloudfront.net/sellers/1395707/17825843201180482.webp
beccahilby,Hilby Family Farm,20.6k,20600,"Platteville, WI, US",$250,,1 Instagram Photo Feed Post,https://www.instagram.com/beccahilby,https://collabstr.com/beccahilby?p=instagram,https://d5ik1gor6xydq.cloudfront.net/sellers/62082/16702007189384985.webp
jillhausmann,Jillian Hausmann,18.2k,18200,"Laconia, NH, US",$600,,1 Instagram Reel,https://www.instagram.com/jillhausmann,https://collabstr.com/jillhausmann?p=instagram,https://d5ik1gor6xydq.cloudfront.net/sellers/1559821/17864418168209116.webp
mamalbouef,Julie Malbouef,24.0k,24000,"Metamora, MI, US",$100,5.0,,https://www.instagram.com/mamalbouef,https://collabstr.com/mamalbouef?p=instagram,https://d5ik1gor6xydq.cloudfront.net/sellers/42270/16513096126871727.webp
nuriaynuri25,Ainura Rustamova,40.0k,40000,"Austin, TX, US",$90,,1 Instagram Photo Feed Post,https://www.instagram.com/nuriaynuri25,https://collabstr.com/nuriaynuri25?p=instagram,https://d5ik1gor6xydq.cloudfront.net/sellers/1628488/17879721940605571.webp
alenagoco,Alena Goco,19.2k,19200,"West Palm Beach, FL, US",$500,,1 Instagram Reel,https://www.instagram.com/alenagoco,https://collabstr.com/alenagoco?p=instagram,https://d5ik1gor6xydq.cloudfront.net/sellers/1530489/1785788526178506.webp
toyamann,Victoria Mann,24.9k,24900,"Tampa, FL, US",$100,,1 Instagram Story,https://www.instagram.com/toyamann,https://collabstr.com/toyamann?p=instagram,https://d5ik1gor6xydq.cloudfront.net/sellers/212807/17275484497624402.webp
xaelahxo,Xaelah Ortiz,11.3k,11300,"Orlando, FL, US",$200,,1 Instagram Reel (45 Seconds),https://www.instagram.com/xaelahxo,https://collabstr.com/xaelahxo?p=instagram,https://d5ik1gor6xydq.cloudfront.net/sellers/1586350/17870622722550416.webp
mamahaze,Hazel Rabe,11.6k,11600,"Blairstown, IA, US",$50,,1 Instagram Story,https://www.instagram.com/mamahaze,https://collabstr.com/mamahaze?p=instagram,https://d5ik1gor6xydq.cloudfront.net/sellers/1638292/1788211601304986.webp
mommafarmhouse,Emily Hayden,48.4k,48400,"Saint Paul, MN, US",$50,,1 Instagram Photo Feed Post,https://www.instagram.com/mommafarmhouse,https://collabstr.com/mommafarmhouse?p=instagram,https://d5ik1gor6xydq.cloudfront.net/sellers/1472843/17844865025725088.webp
maddisontoma8,Maddie Toma,28.0k,28000,"Nashville, TN, US",$250,,1 Instagram Story,https://www.instagram.com/maddisontoma8,https://collabstr.com/maddisontoma8?p=instagram,https://d5ik1gor6xydq.cloudfront.net/sellers/1624215/17878610559664443.webp
dariana,Dariana Fleming,14.0k,14000,"Acworth, GA, US",$200,5.0,1 Instagram Photo Feed Post,https://www.instagram.com/dariana,https://collabstr.com/dariana?p=instagram,https://d5ik1gor6xydq.cloudfront.net/sellers/46495/16527506564196153.webp
vibeswithivyiv,Ivy White,17.2k,17200,"Middletown, NY, US",$50,5.0,1 Instagram Story,https://www.instagram.com/vibeswithivyiv,https://collabstr.com/vibeswithivyiv?p=instagram,https://d5ik1gor6xydq.cloudfront.net/sellers/104602/17469760995851164.webp
breadomini,Brea Domini,16.9k,16900,"Manchester Center, VT, US",$50,,1 Instagram Story,https://www.instagram.com/breadomini,https://collabstr.com/breadomini?p=instagram,https://d5ik1gor6xydq.cloudfront.net/sellers/76005/16803978907710266.webp
johnnymetro,Johnny Metro,34.6k,34600,"Los Angeles, CA, US",$100,5.0,1 Instagram Story,https://www.instagram.com/johnnymetro,https://collabstr.com/johnnymetro?p=instagram,https://d5ik1gor6xydq.cloudfront.net/sellers/42095/16575604842042496.webp
jo-jo,Joanna Marie,17.0k,17000,"Downey, CA, US",$100,5.0,1 Instagram Photo Feed Post,https://www.instagram.com/jo-jo,https://collabstr.com/jo-jo?p=instagram,https://d5ik1gor6xydq.cloudfront.net/sellers/4414/16281486839462605.webp
brycesunboxings,Bryce Morris,20.7k,20700,"Marietta, GA, US",$400,5.0,1 Instagram Reel,https://www.instagram.com/brycesunboxings,https://collabstr.com/brycesunboxings?p=instagram,https://d5ik1gor6xydq.cloudfront.net/sellers/1403863/17827603376174252.webp
thecoquettediaries,Nathalie Mukendi,11.2k,11200,"Denver, CO, US",$350,5.0,1 Instagram Photo Feed Post,https://www.instagram.com/thecoquettediaries,https://collabstr.com/thecoquettediaries?p=instagram,https://d5ik1gor6xydq.cloudfront.net/sellers/4701/16276314727411306.webp
heyitskristing,Kristin Rock,11.7k,11700,"Evans, GA, US",$100,5.0,1 Instagram Story,https://www.instagram.com/heyitskristing,https://collabstr.com/heyitskristing?p=instagram,https://d5ik1gor6xydq.cloudfront.net/sellers/301359/17405858790467532.webp
lindseyhrovat,Lindsey Hrovat,27.6k,27600,"Walnut Creek, CA, US",$300,5.0,1 Instagram Reel (60 Seconds),https://www.instagram.com/lindseyhrovat,https://collabstr.com/lindseyhrovat?p=instagram,https://d5ik1gor6xydq.cloudfront.net/sellers/1438281/17835820614952693.webp
kaelahbee,Kaelah,15.6k,15600,"Fort Campbell, KY, US",$265,5.0,1 Instagram Photo Feed Post,https://www.instagram.com/kaelahbee,https://collabstr.com/kaelahbee?p=instagram,https://d5ik1gor6xydq.cloudfront.net/sellers/28512/16322455575794454.webp
piercecasa,Sierra Pierce,37.3k,37300,"Atlanta, GA, US",$300,,,https://www.instagram.com/piercecasa,https://collabstr.com/piercecasa?p=instagram,https://d5ik1gor6xydq.cloudfront.net/None
janettehassan,Janette Hassan,48.3k,48300,"Miramar, FL, US",$250,,3 Instagram Photo Feed Posts,https://www.instagram.com/janettehassan,https://collabstr.com/janettehassan?p=instagram,https://d5ik1gor6xydq.cloudfront.net/sellers/1594697/1787244134938984.webp
maisonandmother,Leela Maison,40.7k,40700,"San Diego, CA, US","$1,500",,1 Instagram Reel (45 Seconds),https://www.instagram.com/maisonandmother,https://collabstr.com/maisonandmother?p=instagram,https://d5ik1gor6xydq.cloudfront.net/sellers/1597730/1787290410830498.webp
imericjones,Eric Joned,11.6k,11600,"Los Angeles, CA, US",$100,,1 Instagram Photo Feed Post,https://www.instagram.com/imericjones,https://collabstr.com/imericjones?p=instagram,https://d5ik1gor6xydq.cloudfront.net/sellers/1620870/1787799740298781.webp
winniethemastiff,Winnie The Mastiff,15.7k,15700,"Los Angeles, CA, US",$500,,1 Instagram Story,https://www.instagram.com/winniethemastiff,https://collabstr.com/winniethemastiff?p=instagram,https://d5ik1gor6xydq.cloudfront.net/sellers/1631205/17880391919326873.webp
laciemarshall,Lacie Marshall,22.3k,22300,"Derby, KS, US",$300,,1 Instagram Photo Feed Post,https://www.instagram.com/laciemarshall,https://collabstr.com/laciemarshall?p=instagram,https://d5ik1gor6xydq.cloudfront.net/sellers/4999/16276315444684637.webp
danielcases,Daniel Cases,21.3k,21300,"Saint Louis, MO, US",$500,4.8,1 Instagram Story,https://www.instagram.com/danielcases,https://collabstr.com/danielcases?p=instagram,https://d5ik1gor6xydq.cloudfront.net/sellers/9947/16477253728067646.webp
alinapagura,Alina,16.8k,16800,"Battle Ground, WA, US",$150,,1 Instagram Story,https://www.instagram.com/alinapagura,https://collabstr.com/alinapagura?p=instagram,https://d5ik1gor6xydq.cloudfront.net/sellers/65307/17053878665095074.webp
sparkloveandwellness,Kelley Biondolillo,41.6k,41600,"Green Cove Springs, FL, US",$100,4.9,1 Instagram Photo Feed Post,https://www.instagram.com/sparkloveandwellness,https://collabstr.com/sparkloveandwellness?p=instagram,https://d5ik1gor6xydq.cloudfront.net/sellers/127149/17190022671483057.webp
stasya,Anastasia Peck,13.0k,13000,"Atlanta, GA, US",$100,,1 Instagram Story,https://www.instagram.com/stasya,https://collabstr.com/stasya?p=instagram,https://d5ik1gor6xydq.cloudfront.net/sellers/241061/17312643038492596.webp
lunchbreakbuilders,Casey Haynes,10.4k,10400,"Lexington, NC, US",$350,,1 Instagram Story,https://www.instagram.com/lunchbreakbuilders,https://collabstr.com/lunchbreakbuilders?p=instagram,https://d5ik1gor6xydq.cloudfront.net/sellers/61951/16699424945621085.webp
sweeetyella,Andrea Resendez,10.4k,10400,"Houston, TX, US",$300,5.0,1 Instagram Story,https://www.instagram.com/sweeetyella,https://collabstr.com/sweeetyella?p=instagram,https://d5ik1gor6xydq.cloudfront.net/sellers/37119/16419784076857224.webp
seesuccesswithsylvia,Sylvia Carattini,35.8k,35800,"Bridgeport, CT, US",$50,4.8,1 Instagram Photo Feed Post,https://www.instagram.com/seesuccesswithsylvia,https://collabstr.com/seesuccesswithsylvia?p=instagram,https://d5ik1gor6xydq.cloudfront.net/sellers/284880/17385280342910917.webp
heyitsmeruchi,Ruchi Savani,12.6k,12600,"Chicago, IL, US",$176,,1 Instagram Story,https://www.instagram.com/heyitsmeruchi,https://collabstr.com/heyitsmeruchi?p=instagram,https://d5ik1gor6xydq.cloudfront.net/sellers/1614821/178767117055197.webp
hqcrocker,Holly Crocker,14.8k,14800,"Manhattan, KS, US",$100,5.0,1 Instagram Story,https://www.instagram.com/hqcrocker,https://collabstr.com/hqcrocker?p=instagram,https://d5ik1gor6xydq.cloudfront.net/sellers/102387/17755622287738857.webp
chrysy7,Chrysalis Pipkin,15.2k,15200,"Effort, PA, US",$150,5.0,,https://www.instagram.com/chrysy7,https://collabstr.com/chrysy7?p=instagram,https://d5ik1gor6xydq.cloudfront.net/sellers/10450/17610577038306158.webp
thatdarkskingirl,James,33.6k,33600,"Staten Island, NY, US",$200,5.0,,https://www.instagram.com/thatdarkskingirl,https://collabstr.com/thatdarkskingirl?p=instagram,https://d5ik1gor6xydq.cloudfront.net/sellers/62006/17477387555736313.webp
nurse-shannan,Nurse Shannan,29.9k,29900,"Joshua Tree, CA, US",$200,5.0,1 Instagram Photo Feed Post,https://www.instagram.com/nurse-shannan,https://collabstr.com/nurse-shannan?p=instagram,https://d5ik1gor6xydq.cloudfront.net/sellers/2360/17573075575474973.webp
maryfaviern,Marylena Favier,15.8k,15800,"Miami, FL, US",$50,4.7,1 Instagram Story,https://www.instagram.com/maryfaviern,https://collabstr.com/maryfaviern?p=instagram,https://d5ik1gor6xydq.cloudfront.net/sellers/296714/17401035017169347.webp
dashashingarey,Dasha Shingarey,11.9k,11900,"Spokane Valley, WA, US",$275,,1 Instagram Photo Feed Post,https://www.instagram.com/dashashingarey,https://collabstr.com/dashashingarey?p=instagram,https://d5ik1gor6xydq.cloudfront.net/sellers/23398/16276282901352093.webp
thatsashleyskitchen,Ashley Arpel Steinback,18.4k,18400,"Delray Beach, FL, US",$150,,1 Instagram Reel (60 Seconds),https://www.instagram.com/thatsashleyskitchen,https://collabstr.com/thatsashleyskitchen?p=instagram,https://d5ik1gor6xydq.cloudfront.net/sellers/1461589/17842176399615211.webp
naniespadaaa,Nani Espada,12.7k,12700,"Pennsauken, NJ, US",$50,,1 Instagram Story,https://www.instagram.com/naniespadaaa,https://collabstr.com/naniespadaaa?p=instagram,https://d5ik1gor6xydq.cloudfront.net/sellers/1569499/1786646790512236.webp
lilymartnz,Lily,11.8k,11800,"Nashville, TN, US",$75,,1 Instagram Story,https://www.instagram.com/lilymartnz,https://collabstr.com/lilymartnz?p=instagram,https://d5ik1gor6xydq.cloudfront.net/sellers/29383/16330256023102255.webp
gracefullyjenni,Jenni Fote,19.8k,19800,"Phoenixville, PA, US","$1,200",5.0,1 Instagram Reel (60 Seconds),https://www.instagram.com/gracefullyjenni,https://collabstr.com/gracefullyjenni?p=instagram,https://d5ik1gor6xydq.cloudfront.net/sellers/33021/16709861419862857.webp
byerikamichelle,Erika Chavez,45.0k,45000,"Salt Lake City, UT, US",$900,5.0,1 Instagram Photo Feed Post,https://www.instagram.com/byerikamichelle,https://collabstr.com/byerikamichelle?p=instagram,https://d5ik1gor6xydq.cloudfront.net/sellers/44212/1649715498059266.webp
navneet1,Navneet Ahluwalia,15.4k,15400,"New York, NY, US",$100,,1 Instagram Photo Feed Post,https://www.instagram.com/navneet1,https://collabstr.com/navneet1?p=instagram,https://d5ik1gor6xydq.cloudfront.net/sellers/275779/17370092539398293.webp
ourbloglife,Jennifer | Our Blog Life,37.4k,37400,"Tulsa, OK, US",$600,5.0,,https://www.instagram.com/ourbloglife,https://collabstr.com/ourbloglife?p=instagram,https://d5ik1gor6xydq.cloudfront.net/sellers/4876/17301762271527374.webp
mikaylabreann,Mikayla Breann Lara,28.2k,28200,"McAlester, OK, US",$450,,,https://www.instagram.com/mikaylabreann,https://collabstr.com/mikaylabreann?p=instagram,https://d5ik1gor6xydq.cloudfront.net/sellers/41948/16465822095481098.webp
aprilpollock,April Pollock,16.5k,16500,"Sammamish, WA, US",$70,4.7,1 Instagram Story,https://www.instagram.com/aprilpollock,https://collabstr.com/aprilpollock?p=instagram,https://d5ik1gor6xydq.cloudfront.net/sellers/38732/16521624439559681.webp
amyallenugc,Amy Allen,16.3k,16300,"Raleigh, NC, US",$50,,1 Instagram Story,https://www.instagram.com/amyallenugc,https://collabstr.com/amyallenugc?p=instagram,https://d5ik1gor6xydq.cloudfront.net/sellers/288097/17389683374179096.webp
liamheartspaws,Nicole Feeney,21.6k,21600,"Sussex, NJ, US",$150,5.0,,https://www.instagram.com/liamheartspaws,https://collabstr.com/liamheartspaws?p=instagram,https://d5ik1gor6xydq.cloudfront.net/sellers/119199/17620886646573308.webp
niniamerlise,Nini Amerlise,40.2k,40200,"Plano, TX, US",$200,,1 Instagram Photo Feed Post,https://www.instagram.com/niniamerlise,https://collabstr.com/niniamerlise?p=instagram,https://d5ik1gor6xydq.cloudfront.net/sellers/117972/17022782324303977.webp
antoniettabrownell,Antonietta Brownell,23.9k,23900,"Boston, MA, US",$250,,2 Instagram Photo Feed Posts,https://www.instagram.com/antoniettabrownell,https://collabstr.com/antoniettabrownell?p=instagram,https://d5ik1gor6xydq.cloudfront.net/sellers/36483/16412657020775282.webp
stasyahr,Stasyahr,21.9k,21900,"Fredericksburg, VA, US",$50,4.8,1 Instagram Story,https://www.instagram.com/stasyahr,https://collabstr.com/stasyahr?p=instagram,https://d5ik1gor6xydq.cloudfront.net/sellers/211192/17262510940520244.webp
hannahuhl,Hannah Strauss,11.9k,11900,"Nashville, TN, US",$100,5.0,1 Instagram Story,https://www.instagram.com/hannahuhl,https://collabstr.com/hannahuhl?p=instagram,https://d5ik1gor6xydq.cloudfront.net/sellers/12810/17675514299279182.webp
fabworkingmomjulie,Julie Smeltzer,22.2k,22200,"Prattville, AL, US",$75,5.0,,https://www.instagram.com/fabworkingmomjulie,https://collabstr.com/fabworkingmomjulie?p=instagram,https://d5ik1gor6xydq.cloudfront.net/sellers/287897/17389437212161984.webp
dorianryleigh,Dorian Macrane,10.2k,10200,"Phoenix, AZ, US",$50,,1 Instagram Photo Feed Post,https://www.instagram.com/dorianryleigh,https://collabstr.com/dorianryleigh?p=instagram,https://d5ik1gor6xydq.cloudfront.net/sellers/94191/17740749655094607.webp
thewongbabies,Carmen Wong,12.7k,12700,"Athens, GA, US",$200,5.0,,https://www.instagram.com/thewongbabies,https://collabstr.com/thewongbabies?p=instagram,https://d5ik1gor6xydq.cloudfront.net/sellers/60038/17508667547917717.webp
abbieandgunner,Chelsea Evans,24.3k,24300,"Fort Worth, TX, US",$150,5.0,1 Instagram Photo Feed Post,https://www.instagram.com/abbieandgunner,https://collabstr.com/abbieandgunner?p=instagram,https://d5ik1gor6xydq.cloudfront.net/sellers/10144/16276325356844544.webp
mamastelly,Chelsea Stellick,26.0k,26000,"New York, NY, US",$350,,,https://www.instagram.com/mamastelly,https://collabstr.com/mamastelly?p=instagram,https://d5ik1gor6xydq.cloudfront.net/sellers/1099945/17755920151398387.webp
ozso404,Ozzie Osburn,26.2k,26200,"Dallas, GA, US",$300,,1 Instagram Reel,https://www.instagram.com/ozso404,https://collabstr.com/ozso404?p=instagram,https://d5ik1gor6xydq.cloudfront.net/sellers/483051/17564446178999026.webp
iamarionj,Arion Johnson,20.0k,20000,"Los Angeles, CA, US",$100,,2 Instagram Photo Feed Posts,https://www.instagram.com/iamarionj,https://collabstr.com/iamarionj?p=instagram,https://d5ik1gor6xydq.cloudfront.net/sellers/244880/17318231593806586.webp
priscillaquirindongo,500,,0,"Jacksonville, FL, US",$50,,1 Instagram Story,https://www.instagram.com/priscillaquirindongo,https://collabstr.com/priscillaquirindongo?p=instagram,https://d5ik1gor6xydq.cloudfront.net/sellers/734361/17750086507207067.webp
aidahilgart,Aida Hilgart,32.9k,32900,"Jacksonville, FL, US",$150,,,https://www.instagram.com/aidahilgart,https://collabstr.com/aidahilgart?p=instagram,https://d5ik1gor6xydq.cloudfront.net/sellers/1370071/1781948740923993.webp
momsdinnerbell,Lindsay,44.7k,44700,"Northville, MI, US",$500,,1 Instagram Story,https://www.instagram.com/momsdinnerbell,https://collabstr.com/momsdinnerbell?p=instagram,https://d5ik1gor6xydq.cloudfront.net/sellers/1103492/1775655171258022.webp
theconstantfamily,Zabdy Constant,10.1k,10100,"Houston, TX, US",$100,,,https://www.instagram.com/theconstantfamily,https://collabstr.com/theconstantfamily?p=instagram,https://d5ik1gor6xydq.cloudfront.net/sellers/718522/1767912768242153.webp
therealmindyc,Mindy Caputo,27.9k,27900,"Maricopa, AZ, US",$50,,1 Instagram Story,https://www.instagram.com/therealmindyc,https://collabstr.com/therealmindyc?p=instagram,https://d5ik1gor6xydq.cloudfront.net/sellers/997048/17737339942467668.webp
julijafunikova,Julia Fun,12.5k,12500,"Mission Viejo, CA, US",$60,,,https://www.instagram.com/julijafunikova,https://collabstr.com/julijafunikova?p=instagram,https://d5ik1gor6xydq.cloudfront.net/sellers/1347147/17833990996601717.webp
samaraortiz3024,Samara Ortiz,26.3k,26300,"Provo, UT, US",$50,,,https://www.instagram.com/samaraortiz3024,https://collabstr.com/samaraortiz3024?p=instagram,https://d5ik1gor6xydq.cloudfront.net/sellers/624330/1782111319386998.webp
kikiely,Kiara Ely,36.2k,36200,"Atlanta, GA, US",$100,,1 Instagram Story,https://www.instagram.com/kikiely,https://collabstr.com/kikiely?p=instagram,https://d5ik1gor6xydq.cloudfront.net/sellers/148266/17122873258116097.webp
funfitnessfamily,Darla Slade,22.4k,22400,"Columbia, MD, US",$75,,,https://www.instagram.com/funfitnessfamily,https://collabstr.com/funfitnessfamily?p=instagram,https://d5ik1gor6xydq.cloudfront.net/sellers/599054/17627461805311325.webp
marahjohnson,Marah Johnson,24.5k,24500,"Huntington Beach, CA, US",$125,,1 Instagram Story,https://www.instagram.com/marahjohnson,https://collabstr.com/marahjohnson?p=instagram,https://d5ik1gor6xydq.cloudfront.net/sellers/267424/17366548028886504.webp
viajes4fun,Krystel Nunez,14.0k,14000,"Lawrenceville, GA, US",$50,,1 Instagram Story,https://www.instagram.com/viajes4fun,https://collabstr.com/viajes4fun?p=instagram,https://d5ik1gor6xydq.cloudfront.net/sellers/511082/1757945367597363.webp
aijan,Aijan Talantbek Kyzy,26.6k,26600,"Chicago, IL, US",$150,,,https://www.instagram.com/aijan,https://collabstr.com/aijan?p=instagram,https://d5ik1gor6xydq.cloudfront.net/sellers/964571/17731563249192312.webp
odettekstillo,Odette Castillo,13.6k,13600,"Omaha, NE, US",$50,,1 Instagram Photo Feed Post,https://www.instagram.com/odettekstillo,https://collabstr.com/odettekstillo?p=instagram,https://d5ik1gor6xydq.cloudfront.net/sellers/1537627/17883884346949413.webp
beccamiller90,Rebecca Miller,35.1k,35100,"Arrington, TN, US",$600,,3 Instagram Photo Feed Posts,https://www.instagram.com/beccamiller90,https://collabstr.com/beccamiller90?p=instagram,https://d5ik1gor6xydq.cloudfront.net/sellers/459135/17550056458914506.webp
odryaybar,Odry Aybar,35.7k,35700,"Miami, FL, US",$60,,1 Instagram Photo Feed Post,https://www.instagram.com/odryaybar,https://collabstr.com/odryaybar?p=instagram,https://d5ik1gor6xydq.cloudfront.net/sellers/1418778/178310610235446.webp
isabeaumiller,Isabeau Miller,13.2k,13200,"Mashpee, MA, US",$150,,1 Instagram Story,https://www.instagram.com/isabeaumiller,https://collabstr.com/isabeaumiller?p=instagram,https://d5ik1gor6xydq.cloudfront.net/sellers/482671/1756430714167257.webp
anissariggs,Anissa Riggs,45.5k,45500,"Anna, TX, US",$150,,,https://www.instagram.com/anissariggs,https://collabstr.com/anissariggs?p=instagram,https://d5ik1gor6xydq.cloudfront.net/sellers/1446815/17837942708364484.webp
berylbrooker,Beryl Brooker,16.1k,16100,"Asheville, NC, US",$50,,1 Instagram Story,https://www.instagram.com/berylbrooker,https://collabstr.com/berylbrooker?p=instagram,https://d5ik1gor6xydq.cloudfront.net/sellers/1522019/17856010117527106.webp
otfgaming,Otf Gaming Llc,40.3k,40300,"Los Angeles, CA, US",$350,,,https://www.instagram.com/otfgaming,https://collabstr.com/otfgaming?p=instagram,https://d5ik1gor6xydq.cloudfront.net/sellers/68701/16759070461830564.webp
siennaloren,Sienna Loren,10.1k,10100,"Melbourne, FL, US",$150,4.9,1 Instagram Story,https://www.instagram.com/siennaloren,https://collabstr.com/siennaloren?p=instagram,https://d5ik1gor6xydq.cloudfront.net/sellers/556929/17737065829893541.webp
sniffandtellduo,Magdalena Morgan,35.4k,35400,"Richmond, VA, US",$50,,1 Instagram Story,https://www.instagram.com/sniffandtellduo,https://collabstr.com/sniffandtellduo?p=instagram,https://d5ik1gor6xydq.cloudfront.net/sellers/685284/17668794062720807.webp
brittanihayes,Brittani Novack,29.4k,29400,"Fort Myers, FL, US",$120,5.0,,https://www.instagram.com/brittanihayes,https://collabstr.com/brittanihayes?p=instagram,https://d5ik1gor6xydq.cloudfront.net/sellers/402282/17507076105233483.webp
lifewithlaurenharris,Lauren Harris,11.7k,11700,"Bakersfield, CA, US",$50,5.0,,https://www.instagram.com/lifewithlaurenharris,https://collabstr.com/lifewithlaurenharris?p=instagram,https://d5ik1gor6xydq.cloudfront.net/sellers/507228/17578198642431476.webp
the-77959,The Modgils,27.1k,27100,"Ladera Ranch, CA, US",$100,,1 Instagram Story,https://www.instagram.com/the-77959,https://collabstr.com/the-77959?p=instagram,https://d5ik1gor6xydq.cloudfront.net/sellers/1312487/17805853822596774.webp
irinakulish,Irina Kulish,12.6k,12600,"Vancouver, WA, US",$50,,5 Instagram Photo Feed Posts,https://www.instagram.com/irinakulish,https://collabstr.com/irinakulish?p=instagram,https://d5ik1gor6xydq.cloudfront.net/sellers/314000/17465549251553261.webp
katemayy12,Katelyn May,18.8k,18800,"Lexington, KY, US",$50,,,https://www.instagram.com/katemayy12,https://collabstr.com/katemayy12?p=instagram,https://d5ik1gor6xydq.cloudfront.net/sellers/1015682/1774097258934972.webp
brookejsmith3,Brooke Smith,30.1k,30100,"Birmingham, AL, US",$300,,1 Instagram Story,https://www.instagram.com/brookejsmith3,https://collabstr.com/brookejsmith3?p=instagram,https://d5ik1gor6xydq.cloudfront.net/sellers/890935/17716351008340683.webp
natybautistabencosme,Naty Bautista,18.5k,18500,"Miami, FL, US",$80,,1 Instagram Reel,https://www.instagram.com/natybautistabencosme,https://collabstr.com/natybautistabencosme?p=instagram,https://d5ik1gor6xydq.cloudfront.net/sellers/786168/176946200760229.webp
jaegerhaus,Kelsey Jaeger,28.4k,28400,"Bradenton, FL, US",$50,,1 Instagram Story,https://www.instagram.com/jaegerhaus,https://collabstr.com/jaegerhaus?p=instagram,https://d5ik1gor6xydq.cloudfront.net/sellers/607289/17631374717607489.webp
moremilesmorefun,Kelly At More Miles,19.5k,19500,"Charleston, SC, US",$50,,1 Instagram Story,https://www.instagram.com/moremilesmorefun,https://collabstr.com/moremilesmorefun?p=instagram,https://d5ik1gor6xydq.cloudfront.net/sellers/1039288/17744681738603392.webp
biddl3,Denver Biddle,26.3k,26300,"Kansas City, MO, US",$600,,,https://www.instagram.com/biddl3,https://collabstr.com/biddl3?p=instagram,https://d5ik1gor6xydq.cloudfront.net/sellers/1612379/17876208613553014.webp
forfashionandbeauty,Suzana,34.8k,34800,"Jersey City, NJ, US",$350,,1 Instagram Photo Feed Post,https://www.instagram.com/forfashionandbeauty,https://collabstr.com/forfashionandbeauty?p=instagram,https://d5ik1gor6xydq.cloudfront.net/sellers/71098/16774581185392623.webp
fridathepupp,Andrea Atencio,28.1k,28100,"Miami, FL, US",$50,,1 Instagram Story,https://www.instagram.com/fridathepupp,https://collabstr.com/fridathepupp?p=instagram,https://d5ik1gor6xydq.cloudfront.net/sellers/664125/17831240282420719.webp
delawarebeachesonline,Chris,21.6k,21600,"Lewes, DE, US",$175,,1 Instagram Story,https://www.instagram.com/delawarebeachesonline,https://collabstr.com/delawarebeachesonline?p=instagram,https://d5ik1gor6xydq.cloudfront.net/sellers/113167/16997311934259343.webp
coloncanceramigo,Pedro Guerrero,11.2k,11200,"Houston, TX, US",$50,,1 Instagram Story,https://www.instagram.com/coloncanceramigo,https://collabstr.com/coloncanceramigo?p=instagram,https://d5ik1gor6xydq.cloudfront.net/sellers/524803/17586685026190145.webp
bethstahn,Beth Stahn,16.9k,16900,"Sacred Heart, MN, US",$50,,1 Instagram Story,https://www.instagram.com/bethstahn,https://collabstr.com/bethstahn?p=instagram,https://d5ik1gor6xydq.cloudfront.net/sellers/1293066/1780375423801069.webp
happyvalleyhannah,Hannah Morris,22.1k,22100,"State College, PA, US",$75,5.0,1 Instagram Story,https://www.instagram.com/happyvalleyhannah,https://collabstr.com/happyvalleyhannah?p=instagram,https://d5ik1gor6xydq.cloudfront.net/sellers/114692/17851817912671492.webp
lindseyrdavis,Lindsey Davis,23.4k,23400,"Jacksonville, FL, US",$50,,1 Instagram Story,https://www.instagram.com/lindseyrdavis,https://collabstr.com/lindseyrdavis?p=instagram,https://d5ik1gor6xydq.cloudfront.net/sellers/1332511/1781103042606569.webp
nicollettevizuet,Nicollette Vizuet,28.7k,28700,"Nashville, TN, US",$50,,1 Instagram Story,https://www.instagram.com/nicollettevizuet,https://collabstr.com/nicollettevizuet?p=instagram,https://d5ik1gor6xydq.cloudfront.net/sellers/1225397/17785231555712583.webp
nourishingthyme,Jamie Vogt,27.3k,27300,"Troy, NY, US",$100,5.0,,https://www.instagram.com/nourishingthyme,https://collabstr.com/nourishingthyme?p=instagram,https://d5ik1gor6xydq.cloudfront.net/sellers/221941/1727980117960894.webp
krystinaferrara,Krystina Ferrara,32.0k,32000,"Lake Worth, FL, US",$100,,,https://www.instagram.com/krystinaferrara,https://collabstr.com/krystinaferrara?p=instagram,https://d5ik1gor6xydq.cloudfront.net/sellers/1368667/1781908081456859.webp
dariannydeleon,Darianny De Leon,12.7k,12700,"Peekskill, NY, US",$50,,1 Instagram Reel,https://www.instagram.com/dariannydeleon,https://collabstr.com/dariannydeleon?p=instagram,https://d5ik1gor6xydq.cloudfront.net/sellers/781938/17695458271168242.webp
purewander,Eileen Cotter Wright,21.7k,21700,"Boston, MA, US",$50,5.0,1 Instagram Story,https://www.instagram.com/purewander,https://collabstr.com/purewander?p=instagram,https://d5ik1gor6xydq.cloudfront.net/sellers/441699/17536415518502805.webp
madisonsr25,Madison Reid,15.6k,15600,"Raleigh, NC, US",$50,,1 Instagram Story,https://www.instagram.com/madisonsr25,https://collabstr.com/madisonsr25?p=instagram,https://d5ik1gor6xydq.cloudfront.net/sellers/765278/17690604193175066.webp
katerinne,Katerinne Deschamps,11.2k,11200,"Paterson, NJ, US",$50,,1 Instagram Photo Feed Post,https://www.instagram.com/katerinne,https://collabstr.com/katerinne?p=instagram,https://d5ik1gor6xydq.cloudfront.net/sellers/556213/1760496943800263.webp
jesssikasee,Jessika See,16.1k,16100,"Lake Charles, LA, US",$350,,,https://www.instagram.com/jesssikasee,https://collabstr.com/jesssikasee?p=instagram,https://d5ik1gor6xydq.cloudfront.net/sellers/1161549/17776614585133271.webp
twoandthetwins,Emily Gibson,15.1k,15100,"Birmingham, AL, US",$50,,1 Instagram Story,https://www.instagram.com/twoandthetwins,https://collabstr.com/twoandthetwins?p=instagram,https://d5ik1gor6xydq.cloudfront.net/sellers/426328/17525442858118901.webp
beritan,Beritan Kartal,19.5k,19500,"Brick, NJ, US",$100,5.0,,https://www.instagram.com/beritan,https://collabstr.com/beritan?p=instagram,https://d5ik1gor6xydq.cloudfront.net/sellers/209707/17260102845974972.webp
nadiiaohiievych,Nadiia Ohiievych,30.6k,30600,"Utica, NY, US",$70,,6 Instagram Photo Feed Posts,https://www.instagram.com/nadiiaohiievych,https://collabstr.com/nadiiaohiievych?p=instagram,https://d5ik1gor6xydq.cloudfront.net/sellers/285549/173865214051298.webp
audreyinwanderlust,Audrey Murray,27.2k,27200,"Clayton, NC, US",$375,4.9,1 Instagram Story,https://www.instagram.com/audreyinwanderlust,https://collabstr.com/audreyinwanderlust?p=instagram,https://d5ik1gor6xydq.cloudfront.net/sellers/164085/17824532484086015.webp
tchelausa83,Marcela Assuncao,24.9k,24900,"Elizabeth, NJ, US",$50,5.0,1 Instagram Story,https://www.instagram.com/tchelausa83,https://collabstr.com/tchelausa83?p=instagram,https://d5ik1gor6xydq.cloudfront.net/sellers/522012/17585095476954787.webp
lisaspring,Lisa Spring,17.4k,17400,"Chicago, IL, US",$50,,1 Instagram Photo Feed Post,https://www.instagram.com/lisaspring,https://collabstr.com/lisaspring?p=instagram,https://d5ik1gor6xydq.cloudfront.net/sellers/331487/17445093818658211.webp
jenoirlynne,Jenoir Lynne',33.0k,33000,"Atlanta, GA, US",$100,5.0,1 Instagram Story,https://www.instagram.com/jenoirlynne,https://collabstr.com/jenoirlynne?p=instagram,https://d5ik1gor6xydq.cloudfront.net/sellers/250589/1732628410103585.webp
josephdlewin,Joseph Lewin,24.9k,24900,"Cincinnati, OH, US",$300,5.0,1 Instagram Reel,https://www.instagram.com/josephdlewin,https://collabstr.com/josephdlewin?p=instagram,https://d5ik1gor6xydq.cloudfront.net/sellers/199903/17240814698697948.webp
starlitmariaa,Starlit Maria,30.0k,30000,"Atlanta, GA, US",$125,5.0,1 Instagram Photo Feed Post,https://www.instagram.com/starlitmariaa,https://collabstr.com/starlitmariaa?p=instagram,https://d5ik1gor6xydq.cloudfront.net/sellers/638268/17647885864678018.webp
firecaptsteve,Steven Genovese Jr,17.5k,17500,"Los Angeles, CA, US",$499,5.0,1 Instagram Story,https://www.instagram.com/firecaptsteve,https://collabstr.com/firecaptsteve?p=instagram,https://d5ik1gor6xydq.cloudfront.net/sellers/641591/17649659093223011.webp
theolivetree,Christina Schergen,20.5k,20500,"Kansas City, MO, US",$100,5.0,1 Instagram Story,https://www.instagram.com/theolivetree,https://collabstr.com/theolivetree?p=instagram,https://d5ik1gor6xydq.cloudfront.net/sellers/144358/1743231453947089.webp
chaitotherescue,Katelyn Watkins,15.8k,15800,"Pottstown, PA, US",$100,,1 Instagram Photo Feed Post,https://www.instagram.com/chaitotherescue,https://collabstr.com/chaitotherescue?p=instagram,https://d5ik1gor6xydq.cloudfront.net/sellers/23818/16276283576700294.webp
ulianahatfield,Uliana Hatfield,17.1k,17100,"Miami, FL, US",$200,,1 Instagram Photo Feed Post,https://www.instagram.com/ulianahatfield,https://collabstr.com/ulianahatfield?p=instagram,https://d5ik1gor6xydq.cloudfront.net/sellers/164360/17515027858541274.webp
karlibeauty,Karlisha Gibson,12.1k,12100,"Mableton, GA, US",$75,,,https://www.instagram.com/karlibeauty,https://collabstr.com/karlibeauty?p=instagram,https://d5ik1gor6xydq.cloudfront.net/sellers/468529/17556474392745237.webp
catiekershner,Catie Kershner,33.2k,33200,"Ontario, OR, US",$50,,1 Instagram Story,https://www.instagram.com/catiekershner,https://collabstr.com/catiekershner?p=instagram,https://d5ik1gor6xydq.cloudfront.net/sellers/855345/17708699535065787.webp
gissellvictoria,Gissell Rodriguez,44.8k,44800,"Miami, FL, US",$150,,,https://www.instagram.com/gissellvictoria,https://collabstr.com/gissellvictoria?p=instagram,https://d5ik1gor6xydq.cloudfront.net/sellers/1234971/17787772269126663.webp
lizzymims,Lizzy Mims,38.5k,38500,"Cleveland, OH, US",$50,,1 Instagram Story,https://www.instagram.com/lizzymims,https://collabstr.com/lizzymims?p=instagram,https://d5ik1gor6xydq.cloudfront.net/sellers/438963/17534151982448196.webp
alev1790,Alejandra Vera,30.0k,30000,"Miami, FL, US",$50,,1 Instagram Story,https://www.instagram.com/alev1790,https://collabstr.com/alev1790?p=instagram,https://d5ik1gor6xydq.cloudfront.net/sellers/211248/1726258874293967.webp
ufrjay,Jampiero Vasquez,30.8k,30800,"New York, NY, US",$200,,1 Instagram Story,https://www.instagram.com/ufrjay,https://collabstr.com/ufrjay?p=instagram,https://d5ik1gor6xydq.cloudfront.net/sellers/83608/1684823770846276.webp
criticalroastcoffee,Tate Kennedy,42.9k,42900,"Boston, MA, US",$50,5.0,1 Instagram Photo Feed Post,https://www.instagram.com/criticalroastcoffee,https://collabstr.com/criticalroastcoffee?p=instagram,https://d5ik1gor6xydq.cloudfront.net/sellers/180277/17198512585042384.webp
kaestlecastle,Kaestle Castle,25.9k,25900,"Salt Lake City, UT, US",$350,5.0,1 Instagram Photo Feed Post,https://www.instagram.com/kaestlecastle,https://collabstr.com/kaestlecastle?p=instagram,https://d5ik1gor6xydq.cloudfront.net/sellers/10873/16276326942354696.webp
clkentrell,Eriq “Clkentrell” Tigner,10.0k,10000,"Stockbridge, GA, US",$75,,1 Instagram Story,https://www.instagram.com/clkentrell,https://collabstr.com/clkentrell?p=instagram,https://d5ik1gor6xydq.cloudfront.net/sellers/251308/17328175109797795.webp
keepspinnin,Bill Walter,15.6k,15600,"Rochester, NY, US",$180,,,https://www.instagram.com/keepspinnin,https://collabstr.com/keepspinnin?p=instagram,https://d5ik1gor6xydq.cloudfront.net/sellers/1431862/17834358628099313.webp
itscristydeleon,Cristina Deleon,26.1k,26100,"Houston, TX, US",$100,5.0,1 Instagram Story,https://www.instagram.com/itscristydeleon,https://collabstr.com/itscristydeleon?p=instagram,https://d5ik1gor6xydq.cloudfront.net/sellers/131391/17072493239018874.webp
melissawells,Melissa Wells,14.3k,14300,"Marlton, NJ, US",$50,,3 Instagram Photo Feed Posts,https://www.instagram.com/melissawells,https://collabstr.com/melissawells?p=instagram,https://d5ik1gor6xydq.cloudfront.net/sellers/515226/17583076847823184.webp
amzg,Shannon Hollingsworth,22.3k,22300,"New Canaan, CT, US",$250,,1 Instagram Story,https://www.instagram.com/amzg,https://collabstr.com/amzg?p=instagram,https://d5ik1gor6xydq.cloudfront.net/sellers/436285/17532304531182537.webp
ratdaddy,Kenny Bollwerk,16.1k,16100,"New York, NY, US",$100,4.8,,https://www.instagram.com/ratdaddy,https://collabstr.com/ratdaddy?p=instagram,https://d5ik1gor6xydq.cloudfront.net/sellers/674471/17664227616598396.webp
oliviafierro,Olivia Fierro,24.3k,24300,"Scottsdale, AZ, US",$200,,1 Instagram Story,https://www.instagram.com/oliviafierro,https://collabstr.com/oliviafierro?p=instagram,https://d5ik1gor6xydq.cloudfront.net/sellers/117625/173441242674817.webp
glambeautychic,Kaitlyn,20.5k,20500,"Loma Linda, CA, US",$80,,1 Instagram Story,https://www.instagram.com/glambeautychic,https://collabstr.com/glambeautychic?p=instagram,https://d5ik1gor6xydq.cloudfront.net/sellers/10002/16276325038460429.webp
kamilasarpekova,Kamila Sarpekova,11.6k,11600,"Fulshear, TX, US",$75,5.0,3 Instagram Photo Feed Posts,https://www.instagram.com/kamilasarpekova,https://collabstr.com/kamilasarpekova?p=instagram,https://d5ik1gor6xydq.cloudfront.net/sellers/491204/175677229622368.webp
thejacksshack,Cambria Gallarde,17.6k,17600,"Green Cove Springs, FL, US",$100,,1 Instagram Story,https://www.instagram.com/thejacksshack,https://collabstr.com/thejacksshack?p=instagram,https://d5ik1gor6xydq.cloudfront.net/sellers/245081/17318695798059022.webp
christineandthecity,Christine Pavlova,30.4k,30400,"Palm Coast, FL, US",$50,,,https://www.instagram.com/christineandthecity,https://collabstr.com/christineandthecity?p=instagram,https://d5ik1gor6xydq.cloudfront.net/sellers/511058/17579446450854137.webp
keepitlexy,Lily Oneal,20.2k,20200,"Tampa, FL, US",$175,,1 Instagram Story,https://www.instagram.com/keepitlexy,https://collabstr.com/keepitlexy?p=instagram,https://d5ik1gor6xydq.cloudfront.net/sellers/597404/17626539866142414.webp
jannajenkins,Janna Jenkins,14.2k,14200,"Greeley, CO, US",$100,,"Greeley, CO, US",https://www.instagram.com/jannajenkins,https://collabstr.com/jannajenkins?p=instagram,https://d5ik1gor6xydq.cloudfront.net/sellers/1300250/17803342374450262.webp
marytanova,Mariia,49.3k,49300,"Russia, OH, US",$200,,1 Instagram Photo Feed Post,https://www.instagram.com/marytanova,https://collabstr.com/marytanova?p=instagram,https://d5ik1gor6xydq.cloudfront.net/sellers/1466238/1784453609101068.webp
bcosta,Brit Costa,13.2k,13200,"Corona, CA, US",$50,,1 Instagram Story,https://www.instagram.com/bcosta,https://collabstr.com/bcosta?p=instagram,https://d5ik1gor6xydq.cloudfront.net/sellers/948231/17728197385680106.webp
mikevivalo,Michael Vivalo,24.2k,24200,"New York, NY, US",$499,5.0,3 Instagram Reels,https://www.instagram.com/mikevivalo,https://collabstr.com/mikevivalo?p=instagram,https://d5ik1gor6xydq.cloudfront.net/sellers/51787/170239422282341.webp
berkfeinauer,Berkley Feinauer,11.3k,11300,"Leavenworth, KS, US",$100,5.0,1 Instagram Story,https://www.instagram.com/berkfeinauer,https://collabstr.com/berkfeinauer?p=instagram,https://d5ik1gor6xydq.cloudfront.net/sellers/172778/17182439177184408.webp
smalltownvogue,Teryn Hellem,14.6k,14600,"Chehalis, WA, US",$60,,2 Instagram Photo Feed Posts,https://www.instagram.com/smalltownvogue,https://collabstr.com/smalltownvogue?p=instagram,https://d5ik1gor6xydq.cloudfront.net/sellers/620451/17638621361029098.webp
caycee07,Caycee Hewitt,26.1k,26100,"Charleston, SC, US",$175,,1 Instagram Story,https://www.instagram.com/caycee07,https://collabstr.com/caycee07?p=instagram,https://d5ik1gor6xydq.cloudfront.net/sellers/1468984/1784393209631691.webp
danilsa122107,Danilsa Coronado,20.7k,20700,"Florida City, FL, US",$95,,,https://www.instagram.com/danilsa122107,https://collabstr.com/danilsa122107?p=instagram,https://d5ik1gor6xydq.cloudfront.net/sellers/580612/17763050382380035.webp
herecomesbella,Bella,36.0k,36000,"Broken Arrow, OK, US",$200,,,https://www.instagram.com/herecomesbella,https://collabstr.com/herecomesbella?p=instagram,https://d5ik1gor6xydq.cloudfront.net/sellers/1265859/17795573869975116.webp
kondra,Anastasiia Cherenkova,35.1k,35100,"Austin, TX, US",$170,,,https://www.instagram.com/kondra,https://collabstr.com/kondra?p=instagram,https://d5ik1gor6xydq.cloudfront.net/sellers/1418287/178309592692893.webp
tracee,Tracee Wade,15.0k,15000,"Greenville, SC, US",$50,5.0,1 Instagram Story,https://www.instagram.com/tracee,https://collabstr.com/tracee?p=instagram,https://d5ik1gor6xydq.cloudfront.net/sellers/364741/17534470121628025.webp
ashleyvanpevenage,Ashley Vanpevenage,43.7k,43700,"Seattle, WA, US",$100,,1 Instagram Photo Feed Post,https://www.instagram.com/ashleyvanpevenage,https://collabstr.com/ashleyvanpevenage?p=instagram,https://d5ik1gor6xydq.cloudfront.net/sellers/384828/17755362313220904.webp
aasthad,Aastha Dahal,13.0k,13000,"Fort Worth, TX, US",$50,,1 Instagram Story,https://www.instagram.com/aasthad,https://collabstr.com/aasthad?p=instagram,https://d5ik1gor6xydq.cloudfront.net/sellers/1387618/1782390383354958.webp
removickatarina,Katarina Removic,14.5k,14500,"Los Angeles, CA, US",$50,5.0,,https://www.instagram.com/removickatarina,https://collabstr.com/removickatarina?p=instagram,https://d5ik1gor6xydq.cloudfront.net/sellers/424074/17539206065682638.webp
preciouspmcdowell,Precious Mcdowell,11.6k,11600,"Charlotte, NC, US",$200,,1 Instagram Photo Feed Post,https://www.instagram.com/preciouspmcdowell,https://collabstr.com/preciouspmcdowell?p=instagram,https://d5ik1gor6xydq.cloudfront.net/sellers/214424/1727462708496546.webp
melissabischoff,Melissa Bischoff,19.4k,19400,"Norman, OK, US",$140,,1 Instagram Photo Feed Post,https://www.instagram.com/melissabischoff,https://collabstr.com/melissabischoff?p=instagram,https://d5ik1gor6xydq.cloudfront.net/sellers/882600/17717300996607614.webp
simplynicoleeee,Aye Nicole (@Simplynicoleeee),28.7k,28700,"Nashville, TN, US",$334,5.0,,https://www.instagram.com/simplynicoleeee,https://collabstr.com/simplynicoleeee?p=instagram,https://d5ik1gor6xydq.cloudfront.net/sellers/690010/17669676826654124.webp
anhelinarezk,Anhelina Rezk,19.8k,19800,"Staten Island, NY, US",$50,,,https://www.instagram.com/anhelinarezk,https://collabstr.com/anhelinarezk?p=instagram,https://d5ik1gor6xydq.cloudfront.net/sellers/428936/17527211738809426.webp
gabidavilaa,Gabrielle D'Avila,43.0k,43000,"Orlando, FL, US",$50,,1 Instagram Story,https://www.instagram.com/gabidavilaa,https://collabstr.com/gabidavilaa?p=instagram,https://d5ik1gor6xydq.cloudfront.net/sellers/598932/17627386350083082.webp
chlea,Chlea Anderson,14.0k,14000,"Miami, FL, US",$100,,1 Instagram Story,https://www.instagram.com/chlea,https://collabstr.com/chlea?p=instagram,https://d5ik1gor6xydq.cloudfront.net/sellers/248478/1732245568442504.webp
candycrystalsla,Tagui Torosyan,10.7k,10700,"Los Angeles, CA, US",$100,,1 Instagram Photo Feed Post,https://www.instagram.com/candycrystalsla,https://collabstr.com/candycrystalsla?p=instagram,https://d5ik1gor6xydq.cloudfront.net/sellers/277544/1737340892130442.webp
rowdyroosterco,Nichole Rogers,11.3k,11300,"Los Angeles, CA, US",$125,,,https://www.instagram.com/rowdyroosterco,https://collabstr.com/rowdyroosterco?p=instagram,https://d5ik1gor6xydq.cloudfront.net/sellers/1469830/17844076067115777.webp
savriunplugged,Savri,25.4k,25400,"Fremont, CA, US",$50,,1 Instagram Story,https://www.instagram.com/savriunplugged,https://collabstr.com/savriunplugged?p=instagram,https://d5ik1gor6xydq.cloudfront.net/sellers/634816/17744005853799243.webp
wannaplaytv,Wannaplaytv (Peter + Javi),16.1k,16100,"New York, NY, US","$1,250",,1 Instagram Reel,https://www.instagram.com/wannaplaytv,https://collabstr.com/wannaplaytv?p=instagram,https://d5ik1gor6xydq.cloudfront.net/sellers/88993/16878648930635774.webp
estephaniesantana,Estephanie Santana,34.6k,34600,"Miami, FL, US",$200,,,https://www.instagram.com/estephaniesantana,https://collabstr.com/estephaniesantana?p=instagram,https://d5ik1gor6xydq.cloudfront.net/sellers/618878/176376097236247.webp
yisneiry000,Yisneiry Reyes,28.9k,28900,"Hialeah, FL, US",$50,,1 Instagram Story,https://www.instagram.com/yisneiry000,https://collabstr.com/yisneiry000?p=instagram,https://d5ik1gor6xydq.cloudfront.net/sellers/561554/17758356426612415.webp
aibilvilla,Aibil Villa,17.7k,17700,"Orlando, FL, US",$50,,1 Instagram Story,https://www.instagram.com/aibilvilla,https://collabstr.com/aibilvilla?p=instagram,https://d5ik1gor6xydq.cloudfront.net/sellers/985101/1773516934724505.webp
elleruy,Elle Ruy,13.4k,13400,"Saint Cloud, FL, US",$120,,1 Instagram Photo Feed Post,https://www.instagram.com/elleruy,https://collabstr.com/elleruy?p=instagram,https://d5ik1gor6xydq.cloudfront.net/sellers/1044494/17745647599080663.webp
tommythebernese,Tommy,31.6k,31600,"Dallas, TX, US",$200,,1 Instagram Story,https://www.instagram.com/tommythebernese,https://collabstr.com/tommythebernese?p=instagram,https://d5ik1gor6xydq.cloudfront.net/sellers/333949/17447612216835797.webp
agnesmalum,Agnes Malum,14.1k,14100,"Hayward, CA, US",$80,,,https://www.instagram.com/agnesmalum,https://collabstr.com/agnesmalum?p=instagram,https://d5ik1gor6xydq.cloudfront.net/sellers/581687/1761847386000779.webp
neekosquishy,Hannah,27.7k,27700,"Roanoke, VA, US",$100,,1 Instagram Story,https://www.instagram.com/neekosquishy,https://collabstr.com/neekosquishy?p=instagram,https://d5ik1gor6xydq.cloudfront.net/sellers/1620613/1787792706436361.webp
tessajohnstonn,Tessa Johnston,36.6k,36600,"Miami, FL, US",$160,5.0,,https://www.instagram.com/tessajohnstonn,https://collabstr.com/tessajohnstonn?p=instagram,https://d5ik1gor6xydq.cloudfront.net/sellers/96157/17725012959923031.webp
brianafloress,Briana Arriaga,13.5k,13500,"Houston, TX, US",$70,,,https://www.instagram.com/brianafloress,https://collabstr.com/brianafloress?p=instagram,https://d5ik1gor6xydq.cloudfront.net/sellers/1457638/17841366480612361.webp
biberselin,Selin Biber,17.5k,17500,"Wylie, TX, US",$50,,1 Instagram Photo Feed Post,https://www.instagram.com/biberselin,https://collabstr.com/biberselin?p=instagram,https://d5ik1gor6xydq.cloudfront.net/sellers/714979/17768052082959077.webp
maryanefariaa,Maryane Faria,48.9k,48900,"Newark, NJ, US",$120,,1 Instagram Photo Feed Post,https://www.instagram.com/maryanefariaa,https://collabstr.com/maryanefariaa?p=instagram,https://d5ik1gor6xydq.cloudfront.net/sellers/481415/17563932823530242.webp
oliftaeva,Nurafzun,11.0k,11000,"Brooklyn, NY, US",$70,,,https://www.instagram.com/oliftaeva,https://collabstr.com/oliftaeva?p=instagram,https://d5ik1gor6xydq.cloudfront.net/sellers/498593/17572161734731941.webp
hermessonofzeus,Leanne Smithers,12.6k,12600,"Miami Beach, FL, US",$125,,1 Instagram Story,https://www.instagram.com/hermessonofzeus,https://collabstr.com/hermessonofzeus?p=instagram,https://d5ik1gor6xydq.cloudfront.net/sellers/28222/16319693341138465.webp
tobejaniefrank,Janie C Frank,48.4k,48400,"Chattanooga, TN, US",$300,5.0,,https://www.instagram.com/tobejaniefrank,https://collabstr.com/tobejaniefrank?p=instagram,https://d5ik1gor6xydq.cloudfront.net/sellers/19924/1674495932221034.webp
stephanienash,Stephanie Nash,24.5k,24500,"Nashville, TN, US",$250,5.0,1 Instagram Photo Feed Post,https://www.instagram.com/stephanienash,https://collabstr.com/stephanienash?p=instagram,https://d5ik1gor6xydq.cloudfront.net/sellers/11004/16397180562812257.webp
alessandraalmei,Alessandra Almeida,18.6k,18600,"Davenport, FL, US",$150,,,https://www.instagram.com/alessandraalmei,https://collabstr.com/alessandraalmei?p=instagram,https://d5ik1gor6xydq.cloudfront.net/sellers/596132/1762582102618974.webp
meagabites,Meagan Tape,11.4k,11400,"Houston, TX, US",$250,5.0,1 Instagram Photo Feed Post,https://www.instagram.com/meagabites,https://collabstr.com/meagabites?p=instagram,https://d5ik1gor6xydq.cloudfront.net/sellers/64754/1673577993742647.webp
elchavalll,El Chavalll,11.8k,11800,"Savannah, GA, US",$50,,1 Instagram Story,https://www.instagram.com/elchavalll,https://collabstr.com/elchavalll?p=instagram,https://d5ik1gor6xydq.cloudfront.net/sellers/761253/1768985659605091.webp
jessicachews,Jessica Chu,22.3k,22300,"Stanhope, NJ, US",$50,,1 Instagram Story,https://www.instagram.com/jessicachews,https://collabstr.com/jessicachews?p=instagram,https://d5ik1gor6xydq.cloudfront.net/sellers/1391412/17824872492471218.webp
stilettosandsincity,Patty D Barba,31.1k,31100,"Las Vegas, NV, US",$150,5.0,1 Instagram Photo Feed Post,https://www.instagram.com/stilettosandsincity,https://collabstr.com/stilettosandsincity?p=instagram,https://d5ik1gor6xydq.cloudfront.net/sellers/11352/17528550163978174.webp
demondhicks,Demond Hicks,21.6k,21600,"Indianapolis, IN, US",$50,3.5,1 Instagram Photo Feed Post,https://www.instagram.com/demondhicks,https://collabstr.com/demondhicks?p=instagram,https://d5ik1gor6xydq.cloudfront.net/sellers/149004/17716820764360292.webp
fillmysoulwithadventure,Shelby Bridges,17.3k,17300,"Peyton, CO, US",$150,,,https://www.instagram.com/fillmysoulwithadventure,https://collabstr.com/fillmysoulwithadventure?p=instagram,https://d5ik1gor6xydq.cloudfront.net/sellers/567735/17610979011283634.webp
danipurington,Dani Purington,35.6k,35600,"Rancho Santa Margarita, CA, US",$150,,,https://www.instagram.com/danipurington,https://collabstr.com/danipurington?p=instagram,https://d5ik1gor6xydq.cloudfront.net/sellers/29706/163363412403323.webp
ashthecoupleseducator,Ashley Soto,26.7k,26700,"Miami, FL, US",$300,,1 Instagram Photo Feed Post,https://www.instagram.com/ashthecoupleseducator,https://collabstr.com/ashthecoupleseducator?p=instagram,https://d5ik1gor6xydq.cloudfront.net/sellers/1432222/17834381552894547.webp
chasityrobinsonmedia,Chasity Robinson,10.6k,10600,"Hope Mills, NC, US",$120,,1 Instagram Photo Feed Post,https://www.instagram.com/chasityrobinsonmedia,https://collabstr.com/chasityrobinsonmedia?p=instagram,https://d5ik1gor6xydq.cloudfront.net/sellers/1250430/17849199263712938.webp
danihampton,Dani Hampton,28.8k,28800,"Prescott, AZ, US",$100,,1 Instagram Story,https://www.instagram.com/danihampton,https://collabstr.com/danihampton?p=instagram,https://d5ik1gor6xydq.cloudfront.net/sellers/1521752/1785621607246923.webp
oxamytova,Oksana Lutsenko,24.4k,24400,"Cumming, GA, US",$50,,1 Instagram Story,https://www.instagram.com/oxamytova,https://collabstr.com/oxamytova?p=instagram,https://d5ik1gor6xydq.cloudfront.net/sellers/498453/17572038786355257.webp
ninafrancor,Nina Franco,12.9k,12900,"Salt Lake City, UT, US",$90,,1 Instagram Story,https://www.instagram.com/ninafrancor,https://collabstr.com/ninafrancor?p=instagram,https://d5ik1gor6xydq.cloudfront.net/sellers/324711/1743658196672208.webp
erynmoney,Eryn Money,24.9k,24900,"Dallas, TX, US",$250,5.0,1 Instagram Story,https://www.instagram.com/erynmoney,https://collabstr.com/erynmoney?p=instagram,https://d5ik1gor6xydq.cloudfront.net/sellers/124861/17052462203769352.webp
lenoratee,Lenora T.,17.7k,17700,"Oklahoma City, OK, US",$100,,,https://www.instagram.com/lenoratee,https://collabstr.com/lenoratee?p=instagram,https://d5ik1gor6xydq.cloudfront.net/sellers/1272565/17797159451459467.webp
oharaugc,Roberto Tramutula,10.3k,10300,"Margate, FL, US",$50,5.0,1 Instagram Story,https://www.instagram.com/oharaugc,https://collabstr.com/oharaugc?p=instagram,https://d5ik1gor6xydq.cloudfront.net/sellers/962030/17731152244985416.webp
pilot,Pilot Alexis Luis,40.9k,40900,"Miami, FL, US",$60,5.0,1 Instagram Story,https://www.instagram.com/pilot,https://collabstr.com/pilot?p=instagram,https://d5ik1gor6xydq.cloudfront.net/sellers/63039/167149979744391.webp
venconmigo,Ven Conmigo,11.6k,11600,"New York, NY, US",$120,4.7,,https://www.instagram.com/venconmigo,https://collabstr.com/venconmigo?p=instagram,https://d5ik1gor6xydq.cloudfront.net/sellers/133119/17770887980110848.webp
petfriendlypawlife,Pebbles V,21.5k,21500,"Fallbrook, CA, US",$100,5.0,1 Instagram Story,https://www.instagram.com/petfriendlypawlife,https://collabstr.com/petfriendlypawlife?p=instagram,https://d5ik1gor6xydq.cloudfront.net/sellers/1155252/17768411190907028.webp
woodsinthedesert22,Sydney Woods,12.0k,12000,"Gilbert, AZ, US",$50,5.0,1 Instagram Story,https://www.instagram.com/woodsinthedesert22,https://collabstr.com/woodsinthedesert22?p=instagram,https://d5ik1gor6xydq.cloudfront.net/sellers/451255/17750897994831781.webp
karinekonz,Karine Konz,11.2k,11200,"Buford, GA, US",$70,,,https://www.instagram.com/karinekonz,https://collabstr.com/karinekonz?p=instagram,https://d5ik1gor6xydq.cloudfront.net/sellers/617516/17800962885392225.webp
wildflourhillbakes,Hillary Bush,12.3k,12300,"Chicago, IL, US",$50,,1 Instagram Reel,https://www.instagram.com/wildflourhillbakes,https://collabstr.com/wildflourhillbakes?p=instagram,https://d5ik1gor6xydq.cloudfront.net/sellers/1254817/17793062107151027.webp
foodienotachef,Tiffany Korsah,10.7k,10700,"Acworth, GA, US",$100,,1 Instagram Story,https://www.instagram.com/foodienotachef,https://collabstr.com/foodienotachef?p=instagram,https://d5ik1gor6xydq.cloudfront.net/sellers/572054/17613163417695234.webp
elenzmart,Elen Martirosyan,14.9k,14900,"Van Nuys, CA, US",$150,,,https://www.instagram.com/elenzmart,https://collabstr.com/elenzmart?p=instagram,https://d5ik1gor6xydq.cloudfront.net/sellers/537542/1759475026779185.webp
